joint,peak_torque_nm,time_of_peak_s,force_limit_nm
hip_rotation,56.02328377519571,1.1199999999999875,nan
hip_flexion,118.22092152333124,1.332999999999964,nan
torso_rotation,46.47409982762651,1.1109999999999884,nan
right_shoulder_lift,80.04028057529459,0.8450000000000006,nan
right_shoulder,71.3700263469475,1.3709999999999598,nan
right_elbow,60.33557640966983,1.3579999999999612,nan
right_wrist_hinge,68.89728348689016,1.3479999999999623,nan
left_shoulder_lift,63.659195469363965,0.9610000000000007,nan
left_shoulder,28.413552310055238,1.2039999999999782,nan
left_elbow,7.2128099202368965,1.2279999999999756,nan
left_knee,3.3352069757451,1.1679999999999822,nan
right_knee,4.0055436629882095,1.5479999999999403,nan
