joint,level_pct,seed,freq_hz,amplitude_nm,impact_detected,impact_time_s,delta_impact_time_ms,club_speed_m_s,delta_club_speed_pct,ball_launch_speed_m_s,delta_ball_speed_pct,launch_elevation_deg,delta_elevation_deg,launch_direction_deg,delta_direction_deg
hip_rotation,5,0,10.548,2.8012,True,1.332999999999964,0.9999999999998899,11.176395702955762,-1.6163216723825369,11.001376727446875,-4.301729834155488,31.315913934325675,2.677450273543247,5.967861947930165,2.02865153411633
hip_rotation,5,1,10.047,2.8012,True,1.331999999999964,0.0,11.355695241546252,-0.037982053974805474,11.645553686644282,1.3018070870087772,28.188096960646558,-0.45036670013587,3.404994340373358,-0.5342160734404771
hip_rotation,5,2,9.046,2.8012,True,1.332999999999964,0.9999999999998899,11.175670129576663,-1.622708756361102,10.967456476500677,-4.596793753841455,31.332145762664375,2.6936821018819472,5.968766884825284,2.029556471011449
hip_rotation,5,3,8.343,2.8012,True,1.331999999999964,0.0,11.354205876380078,-0.05109265128324658,11.543085926798561,0.4104652478969184,28.466792013432205,-0.1716716473502231,3.7343418204219585,-0.20486859339187635
hip_rotation,5,4,11.772,2.8012,True,1.332999999999964,0.9999999999998899,11.180944454663193,-1.5762798792436583,11.055875196778015,-3.827661054321352,31.247919368309855,2.6094557075274274,5.900753643742691,1.9615432299288562
hip_rotation,10,0,10.548,5.6023,True,1.331999999999964,0.0,11.353154077182062,-0.060351438884653774,11.50897369585518,0.11373134143639607,28.55227195137486,-0.0861917094075686,3.8311265616547074,-0.10808385215912741
hip_rotation,10,1,10.047,5.6023,True,1.331999999999964,0.0,11.351374021758907,-0.07602092704626084,11.713993628277475,1.8971493052429178,27.922480283770625,-0.7159833770118027,3.0801311314081916,-0.8590792824056432
hip_rotation,10,2,9.046,5.6023,True,1.332999999999964,0.9999999999998899,11.173819197039585,-1.639002162229486,10.995137096503564,-4.356006848982041,31.281114142209685,2.642650481427257,5.946833895263321,2.007623481449486
hip_rotation,10,3,8.343,5.6023,True,1.331999999999964,0.0,11.34885496863073,-0.09819567096546189,11.482041342331113,-0.12054657737334828,28.56905353479463,-0.0694101259877975,3.850165916104094,-0.08904449770974088
hip_rotation,10,4,11.772,5.6023,True,1.332999999999964,0.9999999999998899,11.186400080753897,-1.528255043988258,10.80346441329119,-6.02332037490717,31.66222925492551,3.0237655941430823,6.379138212954518,2.4399277991406834
hip_rotation,20,0,10.548,11.2047,True,1.331999999999964,0.0,11.346124011455592,-0.12223576576760875,11.383538255736047,-0.977400699060349,28.792796583180625,0.15433292239819707,4.1031419674370655,0.16393155362323064
hip_rotation,20,1,10.047,11.2047,True,1.331999999999964,0.0,11.342638912031724,-0.15291443085522216,12.036342298969121,4.701181104143881,26.910951364088547,-1.727512296693881,1.9201913714474468,-2.019019042366388
hip_rotation,20,2,9.046,11.2047,True,1.332999999999964,0.9999999999998899,11.160310205164249,-1.7579192394802434,11.259954519997745,-2.0524252186081893,30.678261277201745,2.0397976164193174,5.254467004361429,1.3152565905475946
hip_rotation,20,3,8.343,11.2047,True,1.331999999999964,0.0,11.337429450814852,-0.19877232370750786,11.590299257912818,0.8211624022929964,28.16857516451846,-0.469888496263966,3.370125338882253,-0.5690850749315817
hip_rotation,20,4,11.772,11.2047,True,1.332999999999964,0.9999999999998899,11.188970685322161,-1.5056265025806925,10.80942231171504,-5.97149408197023,31.65832715420952,3.019863493427092,6.3729093552887806,2.4336989414749457
hip_flexion,5,0,10.548,5.911,True,1.331999999999964,0.0,11.360504381243647,0.00435188494396499,11.567048603755714,0.6189106806963718,28.453822444221355,-0.18464121656107224,3.725080842177402,-0.21412957163643265
hip_flexion,5,1,10.047,5.911,True,1.332999999999964,0.9999999999998899,11.183439235439659,-1.554318800204113,11.030604936298449,-4.047480834558614,31.29190869147259,2.653445030690161,5.954648379452632,2.015437965638797
hip_flexion,5,2,9.046,5.911,True,1.331999999999964,0.0,11.361819032830342,0.015924511956821874,11.694527250026187,1.7278160689403688,28.151682400636343,-0.4867812601460848,3.4032423415149533,-0.5359680722988815
hip_flexion,5,3,8.343,5.911,True,1.331999999999964,0.0,11.361273755957953,0.011124543716745094,11.671335114348574,1.5260733852031638,28.222013847721804,-0.41644981306062334,3.480168086059662,-0.45904232775417286
hip_flexion,5,4,11.772,5.911,True,1.331999999999964,0.0,11.35756976875696,-0.021480948697560898,11.58579451182526,0.7819767241005415,28.39754700181898,-0.24091665896344594,3.6604652712644916,-0.27874514254934324
hip_flexion,10,0,10.548,11.8221,True,1.331999999999964,0.0,11.360757077440844,0.006576321340157065,11.836510651301706,2.9628947532682304,27.727792397013893,-0.9106712637685348,2.921980185760823,-1.0172302280530117
hip_flexion,10,1,10.047,11.8221,True,1.331999999999964,0.0,11.362914708713344,0.025569537642167184,11.78849617514143,2.545228635172836,27.88951021338856,-0.7489534473938662,3.1113973231862486,-0.8278130906275862
hip_flexion,10,2,9.046,11.8221,True,1.331999999999964,0.0,11.361416204653707,0.012378492398767982,11.683692931807764,1.6335709996534886,28.146932908188795,-0.49153075259363277,3.3802520223546053,-0.5589583914592295
hip_flexion,10,3,8.343,11.8221,True,1.331999999999964,0.0,11.362192893096926,0.019215532531324797,11.850988281505964,3.088832097381866,27.691646297969328,-0.9468173628130998,2.8950413570740174,-1.0441690567398174
hip_flexion,10,4,11.772,11.8221,True,1.331999999999964,0.0,11.355747224000687,-0.0375244623494031,11.633327478068521,1.19545430586383,28.25910889142955,-0.3793547693528794,3.499190099087876,-0.4400203147259587
hip_flexion,20,0,10.548,23.6442,True,1.331999999999964,0.0,11.361085270725605,0.009465344189307778,12.563729380060114,9.288791602228773,25.211035246929278,-3.42742841385315,0.3348298853202848,-3.60438052849355
hip_flexion,20,1,10.047,23.6442,True,1.331999999999964,0.0,11.362772857146991,0.024320845376313294,12.213184954993975,6.239491871276348,26.54136584117362,-2.097097819608809,1.6684564910374244,-2.2707539227764104
hip_flexion,20,2,9.046,23.6442,True,1.331999999999964,0.0,11.359301753191986,-0.006234620269973679,12.404705143286476,7.905478881402361,25.849920043539488,-2.78854361724294,0.9336150891570718,-3.0055953246567633
hip_flexion,20,3,8.343,23.6442,True,1.331999999999964,0.0,11.363794040099258,0.03331012400957789,12.67747918228108,10.278273152941896,24.732731902491153,-3.9057317582912745,-0.1276834474403272,-4.066893861254162
hip_flexion,20,4,11.772,23.6442,True,1.331999999999964,0.0,11.352851466313425,-0.063015264607158,11.831228460948925,2.9169462786389655,27.7297759028203,-0.9086877579621273,2.9058963768458215,-1.0333140369680134
torso_rotation,5,0,10.548,2.3237,True,1.332999999999964,0.9999999999998899,11.204649958004882,-1.367604857586513,11.061498711360146,-3.778743484175806,31.24173944716299,2.6032757863805607,6.019771808893501,2.080561395079666
torso_rotation,5,1,10.047,2.3237,True,1.332999999999964,0.9999999999998899,11.204646881548271,-1.3676319390469094,11.096272148258333,-3.4762579097499025,31.17523371669244,2.5367700559100115,5.950527236540627,2.0113168227267924
torso_rotation,5,2,9.046,2.3237,True,1.332999999999964,0.9999999999998899,11.216754687852813,-1.2610492309557797,11.155098378535826,-2.9645430019339725,31.08970574942756,2.451242088645131,5.841228004157496,1.902017590343661
torso_rotation,5,3,8.343,2.3237,True,1.332999999999964,0.9999999999998899,11.2180054182593,-1.2500392898927681,10.810667747743029,-5.960660340300117,31.770774446576368,3.1323107857939405,6.616113777061542,2.676903363247707
torso_rotation,5,4,11.772,2.3237,True,1.331999999999964,0.0,11.346865658344758,-0.11570718974760474,11.461145044713742,-0.3023183305271182,28.59665695840487,-0.04180670237755635,3.8982602684415673,-0.0409501453722676
torso_rotation,10,0,10.548,4.6474,True,1.332999999999964,0.9999999999998899,11.216253275448288,-1.2654630686568913,11.192886367943574,-2.635834576710727,31.014846698622094,2.376383037839666,5.755760913162188,1.8165504993483532
torso_rotation,10,1,10.047,4.6474,True,1.332999999999964,0.9999999999998899,11.228187322901723,-1.1604099265697054,10.991350559189579,-4.388945005709521,31.423095046457018,2.78463138567459,6.321328340727816,2.382117926913981
torso_rotation,10,2,9.046,4.6474,True,1.332999999999964,0.9999999999998899,11.23608960842562,-1.0908476152755031,11.623209179171393,1.1074377125350754,29.988086226456186,1.3496225656737586,4.524155798256237,0.5849453844424017
torso_rotation,10,3,8.343,4.6474,True,1.332999999999964,0.9999999999998899,11.245729862410725,-1.0059862993133106,10.469585615255113,-8.927649915535396,32.450102351910274,3.811638691127847,7.448739428619424,3.5095290148055893
torso_rotation,10,4,11.772,4.6474,True,1.331999999999964,0.0,11.338676292499171,-0.18779661432357653,12.17112045168533,5.873583103514601,26.534329574300962,-2.1041340864814657,1.708864857879305,-2.2303455559345298
torso_rotation,20,0,10.548,9.2948,True,1.332999999999964,0.9999999999998899,11.243372119181387,-1.0267410629794638,11.582932129651978,0.7570775656294826,30.07872961303456,1.4402659522521333,4.713930999110162,0.7747205852963273
torso_rotation,20,1,10.047,9.2948,True,1.332999999999964,0.9999999999998899,11.258293176161764,-0.8953938461054967,11.394445851100677,-0.8825182099024387,30.53978982145224,1.9013261606698109,5.299480643716873,1.3602702299030378
torso_rotation,20,2,9.046,9.2948,True,1.332999999999964,0.9999999999998899,11.282298208418181,-0.684082128577923,12.381987429992142,7.707863081284594,27.24331489587628,-1.3951487649061463,1.5040704143012347,-2.4351399995126
torso_rotation,20,3,8.343,9.2948,True,1.332999999999964,0.9999999999998899,11.29466052598141,-0.5752590064507346,10.105609670354792,-12.093787133801815,33.751075774967376,5.112612114184948,9.092182343168318,5.152971929354483
torso_rotation,20,4,11.772,9.2948,True,1.331999999999964,0.0,11.320755089524198,-0.34555354380195746,12.32491185362416,7.2113766812227365,25.898259256729897,-2.7402044040525304,1.1082519384388725,-2.8309584753749624
right_shoulder_lift,5,0,10.548,4.002,True,1.331999999999964,0.0,11.39985422747884,0.3507410713272652,11.445978411593194,-0.4342491415369354,28.676951578963774,0.038487918181346004,3.9030785067407083,-0.036131907073126523
right_shoulder_lift,5,1,10.047,4.002,True,1.331999999999964,0.0,11.40522278632191,0.39799947021874615,11.6428980302633,1.2787061853569925,28.396633770189904,-0.24182989059252336,3.6093002344185763,-0.3299101793952586
right_shoulder_lift,5,2,9.046,4.002,True,1.331999999999964,0.0,11.394084176350628,0.29994841247553694,11.29191219549605,-1.7744332600127533,29.009247510201078,0.3707838494186504,4.28997271533013,0.35076230151629506
right_shoulder_lift,5,3,8.343,4.002,True,1.331999999999964,0.0,11.404371688894228,0.39050742199713273,12.003265955983254,4.413458132230508,27.453723313066785,-1.1847403477156426,2.60472790734788,-1.334482506465955
right_shoulder_lift,5,4,11.772,4.002,True,1.332999999999964,0.9999999999998899,11.203506192904866,-1.3776732034712746,10.723613025265172,-6.717927958462299,31.81681578755827,3.1783521267758417,6.529209959564653,2.5899995457508185
right_shoulder_lift,10,0,10.548,8.004,True,1.331999999999964,0.0,11.450347346878385,0.7952223646523482,11.3635317745519,-1.1514321579278342,29.06770336940786,0.42923970862543115,4.3482080153582965,0.40899760154446163
right_shoulder_lift,10,1,10.047,8.004,True,1.331999999999964,0.0,11.459258463398564,0.8736652226686736,12.659844567545095,10.124873976903803,25.484978804421697,-3.1534848563607305,0.43915090137802615,-3.5000595124358087
right_shoulder_lift,10,2,9.046,8.004,True,1.331999999999964,0.0,11.438293700022262,0.6891164118491666,11.105150222537292,-3.3990297253190693,29.756907406142663,1.118443745360235,5.062116677261378,1.1229062634475433
right_shoulder_lift,10,3,8.343,8.004,True,1.331999999999964,0.0,11.466661602641969,0.9388336445191214,13.342374414132397,16.062033231891192,22.6589498285932,-5.979513832189227,-2.4180489383712835,-6.357259352185118
right_shoulder_lift,10,4,11.772,8.004,True,1.331999999999964,0.0,11.418926615115554,0.5186316596762275,11.84714123830809,3.055367614852922,27.73586568212996,-0.9025979786524694,2.887307148954936,-1.051903264858899
right_shoulder_lift,20,0,10.548,16.0081,True,1.331999999999964,0.0,11.579756692945365,1.9343881399544793,13.522372141102656,17.62778918513135,22.284758921810113,-6.353704738972315,-2.520278537909751,-6.459488951723586
right_shoulder_lift,20,1,10.047,16.0081,True,1.331999999999964,0.0,11.595023094097423,2.0687753556619004,15.193084558706259,32.1609055641362,14.060876392646692,-14.577587268135735,-10.242452308177427,-14.181662721991263
right_shoulder_lift,20,2,9.046,16.0081,True,1.331999999999964,0.0,11.55168166833059,1.6872490564653786,11.904816730477982,3.5570725349155285,28.236760231688336,-0.4017034290940913,3.203396957233057,-0.7358134565807779
right_shoulder_lift,20,3,8.343,16.0081,True,1.331999999999964,0.0,11.616053996744602,2.253906377860071,15.906173823088011,38.36389367787978,9.653604745276912,-18.984858915505516,-16.18300236482741,-20.122212778641245
right_shoulder_lift,20,4,11.772,16.0081,True,1.332999999999964,0.9999999999998899,11.274271806756245,-0.7547370105473683,14.126100183846761,22.87947093120588,19.245458131180012,-9.393005529602416,-6.198624096511124,-10.137834510324959
right_shoulder,5,0,10.548,3.5685,True,1.332999999999964,0.9999999999998899,11.179032098402494,-1.5931139864281962,11.556701138170435,0.5289006227150672,30.124704317995487,1.4862406572130595,4.542909095012299,0.6036986811984644
right_shoulder,5,1,10.047,3.5685,True,1.332999999999964,0.9999999999998899,11.169855384145464,-1.673894850631974,12.597474534290631,9.582332398653225,26.281300153072408,-2.3571635077100197,0.30717160426290796,-3.632038809550927
right_shoulder,5,2,9.046,3.5685,True,1.332999999999964,0.9999999999998899,11.158866588809683,-1.7706271187313827,13.673868352636957,18.94561746605379,21.50976303883042,-7.128700621952007,-4.219525544091618,-8.158735957905453
right_shoulder,5,3,8.343,3.5685,True,1.331999999999964,0.0,11.377780497817739,0.15643024195188815,11.769491867335194,2.3799148360172495,27.93734892886358,-0.701114731918846,3.123486994634578,-0.8157234191792568
right_shoulder,5,4,11.772,3.5685,True,1.331999999999964,0.0,11.33469153860492,-0.22287364235354934,11.072821182178343,-3.680252095493386,29.474071211017243,0.8356075502348155,4.9025646323126155,0.9633542184987807
right_shoulder,10,0,10.548,7.137,True,1.332999999999964,0.9999999999998899,11.168763863348323,-1.6835032998894883,12.523211763995915,8.93633882612177,26.941399031074802,-1.6970646297076257,1.026793861341084,-2.9124165524727506
right_shoulder,10,1,10.047,7.137,True,1.332999999999964,0.9999999999998899,11.147421435774772,-1.8713766165591394,14.873751679768123,29.38310739591088,14.90733537513524,-13.731128285647188,-9.769810060108036,-13.709020473921871
right_shoulder,10,2,9.046,7.137,True,1.332999999999964,0.9999999999998899,11.15785062482327,-1.7795704558042913,15.458074489839083,34.46598779602725,9.280279583447932,-19.358184077334496,-14.082918217819996,-18.02212863163383
right_shoulder,10,3,8.343,7.137,True,1.331999999999964,0.0,11.397128679109393,0.3267485892093358,12.555951939204519,9.221137557227221,25.222494243872728,-3.4159694169097,0.31056285272043316,-3.628647561093402
right_shoulder,10,4,11.772,7.137,True,1.331999999999964,0.0,11.315168976428836,-0.3947270312555484,11.51221113838124,0.14189305766343363,29.501728949450627,0.8632652886681988,4.884418036846049,0.9452076230322142
right_shoulder,20,0,10.548,14.274,True,1.332999999999964,0.9999999999998899,11.134440351423576,-1.9856466246274795,14.927665485485885,29.852090330780754,14.875729339391333,-13.762734321391095,-9.866997697919556,-13.80620811173339
right_shoulder,20,1,10.047,14.274,True,1.332999999999964,0.9999999999998899,11.171997125000987,-1.6550415146378672,10.768699540426073,-6.325731452915873,4.091265096314056,-24.54719856446837,-74.43784432116448,-78.37705473497832
right_shoulder,20,2,9.046,14.274,True,1.332999999999964,0.9999999999998899,11.298838794863856,-0.5384785029125316,8.658004113263642,-24.686151810348665,2.0928993757402377,-26.54556428504219,-81.47176161294034,-85.41097202675418
right_shoulder,20,3,8.343,14.274,True,1.331999999999964,0.0,11.439752034445284,0.7019538514479562,13.74860194134641,19.5957065721688,20.16550462122902,-8.472959039553409,-4.7502366218420775,-8.689447035655913
right_shoulder,20,4,11.772,14.274,True,1.331999999999964,0.0,11.281333012503836,-0.6925785640016335,11.980574916937131,4.21607436483693,28.272441324965598,-0.3660223358168295,3.3797022298059805,-0.5595081840078544
right_elbow,5,0,10.548,3.0168,True,1.332999999999964,0.9999999999998899,11.200022745783455,-1.4083373236557062,10.852576847401028,-5.596103390671026,31.499835257819576,2.8613715970371487,6.189403460939718,2.250193047125883
right_elbow,5,1,10.047,3.0168,True,1.331999999999964,0.0,11.381762539532676,0.19148339518499924,12.16147499430014,5.789679642194323,26.57329525634173,-2.0651684044406977,1.724319780516637,-2.214890633297198
right_elbow,5,2,9.046,3.0168,True,1.332999999999964,0.9999999999998899,11.197638461502745,-1.4293257231316692,11.699057498780816,1.767223588560829,29.597408435347063,0.9589447745646353,3.958968939778578,0.019758525964743257
right_elbow,5,3,8.343,3.0168,True,1.331999999999964,0.0,11.386539963561075,0.2335381471226361,12.282924787295014,6.846141518698645,26.131002618137845,-2.5074610426445822,1.282703419158498,-2.656506994655337
right_elbow,5,4,11.772,3.0168,True,1.331999999999964,0.0,11.36319630772902,0.028048400033231502,12.309361642248865,7.076109217322846,26.123768142391256,-2.5146955183911714,1.235248645133667,-2.703961768680168
right_elbow,10,0,10.548,6.0336,True,1.332999999999964,0.9999999999998899,11.214667644272069,-1.2794210772791303,11.211289687315384,-2.4757486281223207,30.75469105226626,2.1162273914838323,5.335583867020649,1.396373453206814
right_elbow,10,1,10.047,6.0336,True,1.331999999999964,0.0,11.410497550136522,0.444432209375778,13.342936593173315,16.06692348909011,21.726871080640567,-6.9115925801418605,-3.2606977404973714,-7.199908154311206
right_elbow,10,2,9.046,6.0336,True,1.332999999999964,0.9999999999998899,11.203859413855534,-1.374563866855727,12.610406541235061,9.694824746203423,26.491667913764793,-2.1467957470176344,0.5616834639511493,-3.3775269498626854
right_elbow,10,3,8.343,6.0336,True,1.331999999999964,0.0,11.417742991349487,0.5082124455613402,12.958311178475022,12.721161612159149,23.420591538163226,-5.217872122619202,-1.3629563803215212,-5.302166794135356
right_elbow,10,4,11.772,6.0336,True,1.331999999999964,0.0,11.370195549410703,0.08966138873276464,13.476097949450747,17.22526137392002,21.303319817892202,-7.335143842890226,-3.347961055945025,-7.28717146975886
right_elbow,20,0,10.548,12.0671,True,1.331999999999964,0.0,11.446745093005413,0.7635124113085201,13.794605663660715,19.9958816371391,19.316881963050545,-9.321581697731883,-5.350266626465802,-9.289477040279637
right_elbow,20,1,10.047,12.0671,True,1.331999999999964,0.0,11.476699278461771,1.0271933890431129,15.43021202291441,34.223619049523734,9.745647220574957,-18.89281644020747,-14.700918876031432,-18.640129289845266
right_elbow,20,2,9.046,12.0671,True,1.332999999999964,0.9999999999998899,11.19792872405417,-1.4267705972888622,14.968432945784794,30.206716440431826,14.136903737295276,-14.501559923487152,-10.558727998625676,-14.49793841243951
right_elbow,20,3,8.343,12.0671,True,1.331999999999964,0.0,11.48911657276359,1.1365004609076523,14.866962752980303,29.324052191642114,14.050085015319214,-14.588378645463214,-10.51774336809319,-14.456953781907025
right_elbow,20,4,11.772,12.0671,True,1.331999999999964,0.0,11.39087947585946,0.2717380456775942,15.26460964582245,32.783084704080025,11.404653767500442,-17.233809893281986,-12.758713695569963,-16.6979241093838
right_wrist_hinge,5,0,10.548,3.4449,True,1.332999999999964,0.9999999999998899,10.7462244071077,-5.4030374903718315,10.60491988736666,-7.750410370332183,32.319733488799365,3.681269828016937,8.376055943954741,4.436845530140906
right_wrist_hinge,5,1,10.047,3.4449,True,1.331999999999964,0.0,11.400835064411009,0.35937519164574994,11.469239916448988,-0.23190303238131982,28.43521813124312,-0.2032455295393092,3.689382730865833,-0.24982768294800195
right_wrist_hinge,5,2,9.046,3.4449,True,1.332999999999964,0.9999999999998899,10.742281697174967,-5.437744413432766,10.36302838914394,-9.854565015812721,33.24656060531324,4.608096944530814,9.536320022648418,5.597109608834583
right_wrist_hinge,5,3,8.343,3.4449,True,1.331999999999964,0.0,11.40646908566786,0.40897040550154085,12.248508881535702,6.546766019708605,26.143443104421593,-2.495020556360835,1.3253213250091866,-2.6138890888046484
right_wrist_hinge,5,4,11.772,3.4449,True,1.331999999999964,0.0,11.38503008747559,0.22024699610605492,12.638015406516525,9.934987474390521,24.70801773855994,-3.9304459222224892,-0.1297606188540614,-4.068971032667896
right_wrist_hinge,10,0,10.548,6.8897,True,1.332999999999964,0.9999999999998899,10.767539804471824,-5.215402115476975,9.99956068901702,-13.016281137807251,34.23144281790037,5.592979157117945,10.87452984258938,6.9353194287755455
right_wrist_hinge,10,1,10.047,6.8897,True,1.331999999999964,0.0,11.441204578233048,0.7147403171896993,11.830741904803112,2.9127138464037694,27.309259790683026,-1.329203870099402,2.442411680163184,-1.496798733650651
right_wrist_hinge,10,2,9.046,6.8897,True,1.332999999999964,0.9999999999998899,10.764032914456124,-5.246272598985691,9.33166579019103,-18.82613458194725,35.74406973908327,7.105606078300845,13.040644820550625,9.10143440673679
right_wrist_hinge,10,3,8.343,6.8897,True,1.332999999999964,0.9999999999998899,11.236252790460393,-1.089411154967146,12.520197204206037,8.910115911994732,26.590335544325075,-2.0481281164573524,0.6720069685884371,-3.2672034452253977
right_wrist_hinge,10,4,11.772,6.8897,True,1.331999999999964,0.0,11.413355259664728,0.4695880809509445,13.987384387065182,21.672816334644796,18.312950033946183,-10.325513626836244,-6.226824737749295,-10.166035151563129
right_wrist_hinge,20,0,10.548,13.7795,True,1.331999999999964,0.0,11.488498303321073,1.1310579530035891,9.24633692345408,-19.5683894055245,34.88014555798408,6.2416818972016515,11.630040632589468,7.690830218775633
right_wrist_hinge,20,1,10.047,13.7795,True,1.331999999999964,0.0,11.530005068507673,1.4964340852622549,12.82574269756826,11.567981004350326,23.490558056894322,-5.1479056038881055,-1.3396317681815981,-5.278842181995433
right_wrist_hinge,20,2,9.046,13.7795,True,1.332999999999964,0.9999999999998899,10.721481201513742,-5.620847206907397,8.69759394231544,-24.34176962525666,37.22646513780767,8.588001477025244,15.251991750754138,11.312781336940304
right_wrist_hinge,20,3,8.343,13.7795,True,1.332999999999964,0.9999999999998899,11.285437189242932,-0.656450279460663,14.446727506585502,25.66852914766098,16.81061248801298,-11.82785117276945,-8.262409223649373,-12.201619637463207
right_wrist_hinge,20,4,11.772,13.7795,True,1.332999999999964,0.9999999999998899,11.148337091412637,-1.8633162747343834,15.788093941063044,37.33674582801256,7.4595739191516355,-21.17888974163079,-16.02478701533996,-19.963997429153796
left_shoulder_lift,5,0,10.548,3.183,True,1.331999999999964,0.0,11.353342223592858,-0.05869522193866494,12.146573065786171,5.660051431448321,26.596210238279692,-2.0422534225027356,1.7225349255384834,-2.216675488275351
left_shoulder_lift,5,1,10.047,3.183,True,1.331999999999964,0.0,11.341970569546133,-0.1587977222008985,11.320264341505002,-1.5278049156004614,28.579003163516553,-0.059460497265874324,3.8043628282990563,-0.1348475855147786
left_shoulder_lift,5,2,9.046,3.183,True,1.331999999999964,0.0,11.331924131867307,-0.24723459569765405,11.03589695521164,-4.001446863699865,30.444284913797826,1.8058212530153988,5.9349803798568015,1.9957699660429666
left_shoulder_lift,5,3,8.343,3.183,True,1.331999999999964,0.0,11.357344459474774,-0.023464303307751955,12.654183622607311,10.075630809301117,24.46016895227312,-4.178294708509309,-0.3135154892241104,-4.252725903037946
left_shoulder_lift,5,4,11.772,3.183,True,1.331999999999964,0.0,11.371775354706656,0.10356811324292448,13.404792399372488,16.60499193267011,21.615368470087958,-7.02309519069447,-3.3800325130223006,-7.319242926836136
left_shoulder_lift,10,0,10.548,6.3659,True,1.331999999999964,0.0,11.360729266832388,0.006331509861645657,14.112244237235268,22.75894145975146,17.474711184477147,-11.16375247630528,-6.9156323787867,-10.854842792600536
left_shoulder_lift,10,1,10.047,6.3659,True,1.331999999999964,0.0,11.338527661520814,-0.1891049844594206,12.396057391343783,7.830254214322796,25.628413752897906,-3.0100499078845218,0.5551412183455016,-3.3840691954683333
left_shoulder_lift,10,2,9.046,6.3659,True,1.331999999999964,0.0,11.321139920403835,-0.34216595101452807,11.642203241811828,1.272662391513335,28.511386422764122,-0.1270772380183054,3.7241427337856425,-0.21506768002819232
left_shoulder_lift,10,3,8.343,6.3659,True,1.331999999999964,0.0,11.375402737575355,0.13549927234020043,14.910714542938406,29.704638250949024,13.156016842215559,-15.482446818566869,-11.112341202793074,-15.051551616606908
left_shoulder_lift,10,4,11.772,6.3659,True,1.331999999999964,0.0,11.40376124045929,0.3851337609301009,15.577551760365107,35.505291184752366,9.186009173257725,-19.452454487524705,-16.75917059229547,-20.698381006109305
left_shoulder_lift,20,0,10.548,12.7318,True,1.332999999999964,0.9999999999998899,10.982096310336285,-3.3267021430445243,8.823658080784593,-23.245168692452744,3.3857086843936757,-25.25275497638875,-81.55007531064177,-85.48928572445561
left_shoulder_lift,20,1,10.047,12.7318,True,1.331999999999964,0.0,11.356657882063486,-0.02950811322416369,15.683404542145027,36.42607849706285,8.28674094306408,-20.351722717718346,-16.204162394798033,-20.14337280861187
left_shoulder_lift,20,2,9.046,12.7318,True,1.331999999999964,0.0,11.330602102466838,-0.25887216819708847,14.123573665879114,22.85749337284779,18.11757254239489,-10.520891118387539,-6.281899567741668,-10.221109981555504
left_shoulder_lift,20,3,8.343,12.7318,True,1.332999999999964,0.9999999999998899,11.134336434125851,-1.9865613887664502,7.504933616061338,-34.71642844711096,4.01301254120151,-24.625451119580916,-86.02058250537011,-89.95979291918395
left_shoulder_lift,20,4,11.772,12.7318,True,1.332999999999964,0.9999999999998899,11.144031703325261,-1.9012157843725341,6.714384663175517,-41.593219338549694,5.357641249164753,-23.280822411617674,-95.48660354698804,-99.42581396080188
left_shoulder,5,0,10.548,1.4207,True,1.331999999999964,0.0,11.360053653251004,0.0003842124474129349,11.466097185892389,-0.2592408724821471,28.675624931825435,0.037161271043007815,3.9754738606400934,0.036263446826258594
left_shoulder,5,1,10.047,1.4207,True,1.331999999999964,0.0,11.352007719854136,-0.07044260365697275,10.924238604859598,-4.9727353890353765,29.69553667274534,1.0570730119629133,5.077827479452416,1.1386170656385808
left_shoulder,5,2,9.046,1.4207,True,1.331999999999964,0.0,11.350696508976409,-0.0819849427654451,11.333784133177366,-1.4101995732781814,29.799216888519986,1.1607532277375583,5.290919664281092,1.3517092504672572
left_shoulder,5,3,8.343,1.4207,True,1.332999999999964,0.9999999999998899,11.174082815553795,-1.636681578761201,11.509511891549852,0.11841297340544621,30.204785509630955,1.5663218488485278,4.6619206737768595,0.7227102599630246
left_shoulder,5,4,11.772,1.4207,True,1.332999999999964,0.9999999999998899,11.177788062374253,-1.6040649981571398,11.455313075879612,-0.35304919293772663,30.359177473126284,1.7207138123438561,4.844319877514207,0.9051094637003718
left_shoulder,10,0,10.548,2.8414,True,1.331999999999964,0.0,11.36019826425354,0.001657195503335096,11.490666879638733,-0.045515149940211774,28.56108429271053,-0.07737936807189882,3.830779714209056,-0.1084306996047788
left_shoulder,10,1,10.047,2.8414,True,1.331999999999964,0.0,11.347298112493787,-0.11190037840874689,11.004631737532913,-4.273415302045236,30.649805712395466,2.0113420516130383,6.154818637079199,2.215608223265364
left_shoulder,10,2,9.046,2.8414,True,1.331999999999964,0.0,11.33928667635465,-0.18242352173720722,10.419493594553247,-9.363388082588674,32.74994431713843,4.111480656356001,8.693438904183203,4.754228490369369
left_shoulder,10,3,8.343,2.8414,True,1.332999999999964,0.9999999999998899,11.15820970882835,-1.7764095078397268,12.34645623372465,7.398785944489639,27.531034792713985,-1.1074288680684425,1.6805212887070404,-2.2586891251067946
left_shoulder,10,4,11.772,2.8414,True,1.332999999999964,0.9999999999998899,11.169555209179752,-1.6765372335659223,12.095032079970617,5.2117090732700655,28.469958741773933,-0.16850491900849462,2.6842501950223294,-1.2549602187915054
left_shoulder,20,0,10.548,5.6827,True,1.331999999999964,0.0,11.362877174339102,0.025239129709264674,11.788164219583038,2.5423410354208142,27.763830829543085,-0.8746328312393423,2.9179547303262905,-1.0212556834875444
left_shoulder,20,1,10.047,5.6827,True,1.331999999999964,0.0,11.332855214363654,-0.23903845418193903,9.964634500356427,-13.320095462242287,34.00942598641688,5.370962325634451,10.30726926905404,6.368058855240204
left_shoulder,20,2,9.046,5.6827,True,1.331999999999964,0.0,11.31718110461136,-0.3770146508849326,9.202842641016922,-19.946735470245326,35.97361053823085,7.335146877448423,13.469039157078573,9.529828743264737
left_shoulder,20,3,8.343,5.6827,True,1.332999999999964,0.9999999999998899,11.13403836096115,-1.9891852699472468,13.725503728310263,19.394780898387754,21.17335879074729,-7.4651048700351375,-4.513482928389847,-8.452693342203682
left_shoulder,20,4,11.772,5.6827,True,1.332999999999964,0.9999999999998899,11.148393525792383,-1.8628194936601394,13.395899739790266,16.52763687427372,23.023381542395104,-5.615082118387324,-2.8823884080568067,-6.821598821870642
left_elbow,5,0,10.548,0.3606,True,1.331999999999964,0.0,11.35974674098409,-0.002317477663205114,11.47839930255758,-0.15222778553821703,28.669530287442786,0.03106662666035831,3.9708122497076683,0.031601835893833474
left_elbow,5,1,10.047,0.3606,True,1.331999999999964,0.0,11.35923717611424,-0.006803079960648883,11.450625351172514,-0.39382655713467996,28.726148418593908,0.08768475781148055,4.033824123653129,0.09461370983929385
left_elbow,5,2,9.046,0.3606,True,1.331999999999964,0.0,11.358647490125017,-0.011993973180601802,11.448867641958913,-0.40911643724365065,28.73154223345205,0.09307857266962216,4.040441155320723,0.10123074150688804
left_elbow,5,3,8.343,0.3606,True,1.332999999999964,0.9999999999998899,11.180514780536447,-1.5800622185769275,11.049209723522413,-3.885642366678954,31.24541044670039,2.6069467859179625,5.894857514993648,1.9556471011798129
left_elbow,5,4,11.772,0.3606,True,1.331999999999964,0.0,11.36055924636807,0.004834852163115855,11.56495774379662,0.6007228041967849,28.460234484773,-0.17822917600942745,3.730675160753277,-0.20853525306055776
left_elbow,10,0,10.548,0.7213,True,1.331999999999964,0.0,11.359619595921405,-0.0034367113840416685,11.420860293348218,-0.6527454738976091,28.793801534386176,0.15533787360374873,4.112498429966098,0.17328801615226297
left_elbow,10,1,10.047,0.7213,True,1.331999999999964,0.0,11.358682646650582,-0.01168449699577856,11.410809737005131,-0.7401727914112644,28.801062378167618,0.16259871738519038,4.1169958504373705,0.17778543662353563
left_elbow,10,2,9.046,0.7213,True,1.331999999999964,0.0,11.357160109907142,-0.025087097368003963,11.32136828228775,-1.5182020062654011,28.997305799930036,0.3588421391476082,4.348906682623734,0.40969626880989907
left_elbow,10,3,8.343,0.7213,True,1.331999999999964,0.0,11.361114164256493,0.009719688427312079,11.674344447619974,1.5522508351315079,28.18670502182972,-0.4517586389527075,3.4287631841135817,-0.5104472297002531
left_elbow,10,4,11.772,0.7213,True,1.331999999999964,0.0,11.361426391452113,0.012468164840950813,11.51922421533149,0.2028980890614207,28.575441016340793,-0.06302264444163441,3.8637208112230104,-0.07548960259082449
left_elbow,20,0,10.548,1.4426,True,1.331999999999964,0.0,11.35967793992663,-0.0029231202411494905,11.40837511139257,-0.7613510007750346,28.792602068512544,0.154138407730116,4.10382074280333,0.1646103289894949
left_elbow,20,1,10.047,1.4426,True,1.331999999999964,0.0,11.357519158122907,-0.02192646444995061,11.234560239975886,-2.2733238143390233,29.12779874441698,0.489335083634554,4.4987556450927295,0.5595452312788947
left_elbow,20,2,9.046,1.4426,True,1.331999999999964,0.0,11.35443131806669,-0.049108131142161504,11.090476448086278,-3.5266732799900447,29.383538167085636,0.745074506303208,4.811769923522752,0.8725595097089167
left_elbow,20,3,8.343,1.4426,True,1.332999999999964,0.9999999999998899,11.178978325574928,-1.5935873383665755,11.219448106007116,-2.404780550632557,30.888049655783405,2.2495859950009773,5.485858454823157,1.5466480410093224
left_elbow,20,4,11.772,1.4426,True,1.331999999999964,0.0,11.36247068641742,0.02166089411401728,11.642698335545743,1.2769690901274666,28.28144461175095,-0.35701904903147863,3.537823956217317,-0.40138645759651803
left_knee,5,0,10.548,0.1668,True,1.331999999999964,0.0,11.3599641535546,-0.0004036362987847042,11.573490797553767,0.6749497399723525,28.454608425871626,-0.18385523491080136,3.7313211881896287,-0.2078892256242062
left_knee,5,1,10.047,0.1668,True,1.331999999999964,0.0,11.360025581814567,0.0001371049499487853,11.52127491611991,0.22073663081318973,28.565730720852482,-0.07273293992994567,3.8505068049489632,-0.08870360886487161
left_knee,5,2,9.046,0.1668,True,1.331999999999964,0.0,11.359945780869923,-0.0005653675355210552,11.514777265052956,0.1642151623957533,28.580998754184364,-0.05746490659806369,3.86793510508823,-0.07127530872560506
left_knee,5,3,8.343,0.1668,True,1.331999999999964,0.0,11.360007614437523,-2.1058441046495346e-05,11.583596092300636,0.7628532133966193,28.42620508908262,-0.212258571699806,3.6976032000893024,-0.24160721372453242
left_knee,5,4,11.772,0.1668,True,1.331999999999964,0.0,11.360019551871959,8.402451601163818e-05,11.534574954229974,0.33643039094937155,28.5301793935077,-0.10828426727472618,3.8087402774105734,-0.13047013640326144
left_knee,10,0,10.548,0.3335,True,1.331999999999964,0.0,11.360076418815556,0.0005846133672715581,11.510263503375683,0.12495105980592225,28.596110320148185,-0.0423533406342429,3.8866455621337885,-0.05256485168004632
left_knee,10,1,10.047,0.3335,True,1.331999999999964,0.0,11.360103957803396,0.0008270338213600681,11.518210195291513,0.19407737815009263,28.574293376168058,-0.06417028461437013,3.8605072584480133,-0.07870315536582151
left_knee,10,2,9.046,0.3335,True,1.331999999999964,0.0,11.36011158596095,0.0008941830364372905,11.596089941532808,0.8715341347806493,28.390966672851736,-0.24749698793069186,3.6555664181799994,-0.28364399563383547
left_knee,10,3,8.343,0.3335,True,1.331999999999964,0.0,11.360175006495743,0.0014524619002420636,11.544266481941733,0.42073460670863927,28.52443865001319,-0.11402501076923599,3.8092624397874104,-0.12994797402642444
left_knee,10,4,11.772,0.3335,True,1.331999999999964,0.0,11.360019053177147,7.963460075810502e-05,11.536543735977848,0.35355633911688944,28.52381516997797,-0.11464849080445916,3.8008808824982627,-0.13832953131557213
left_knee,20,0,10.548,0.667,True,1.331999999999964,0.0,11.36022206462702,0.0018667056487009503,11.511764340275539,0.13800647083996864,28.591530385898835,-0.046933274883592446,3.8805741328953665,-0.0586362809184684
left_knee,20,1,10.047,0.667,True,1.331999999999964,0.0,11.36034464267559,0.002945736815918032,11.536676797091507,0.35471380501583827,28.524954747377844,-0.11350891340458347,3.8015822849684415,-0.13762812884539333
left_knee,20,2,9.046,0.667,True,1.331999999999964,0.0,11.360375424172066,0.0032167004546446165,11.532345293335329,0.3170351192519849,28.537290564296203,-0.10117309648622452,3.8161971752754704,-0.12301323853836443
left_knee,20,3,8.343,0.667,True,1.331999999999964,0.0,11.360418868922828,0.0035991363040555058,11.544193787551302,0.420102256086774,28.526261369586084,-0.1122022911963434,3.8111314228761866,-0.1280789909376483
left_knee,20,4,11.772,0.667,True,1.331999999999964,0.0,11.360064932678151,0.0004835030918748373,11.517278979842036,0.1859769640042641,28.577379854281208,-0.061083806501219584,3.8647744094769694,-0.07443600433686548
right_knee,5,0,10.548,0.2003,True,1.331999999999964,0.0,11.359822312201846,-0.0016522386562689562,11.521534164216828,0.2229917662415426,28.564050192858346,-0.07441346792408154,3.84878197688834,-0.09042843692549507
right_knee,5,1,10.047,0.2003,True,1.332999999999964,0.9999999999998899,11.180198375767853,-1.5828474693681427,10.946407467060673,-4.779893909578082,31.401099275330417,2.762635614547989,6.047340441703189,2.108130027889354
right_knee,5,2,9.046,0.2003,True,1.332999999999964,0.9999999999998899,11.180170774476172,-1.5830904382710287,10.943971957722734,-4.801079806251551,31.40538079178884,2.7669171310064122,6.0524608903020765,2.1132504764882416
right_knee,5,3,8.343,0.2003,True,1.331999999999964,0.0,11.359817477128965,-0.0016948008800476977,11.538585564393975,0.37131770228440164,28.51676084953741,-0.1217028112450187,3.7925300289670343,-0.14668038484680057
right_knee,5,4,11.772,0.2003,True,1.331999999999964,0.0,11.359851357419819,-0.0013965591458164894,11.584870275815582,0.7739370223848185,28.421555154351033,-0.2169085064313947,3.6921802269575563,-0.24703018685627853
right_knee,10,0,10.548,0.4006,True,1.331999999999964,0.0,11.359902577170507,-0.0009456814559327675,11.513947843569163,0.15700022891935728,28.590431362757496,-0.04803229802493192,3.882886330561955,-0.05632408325187965
right_knee,10,1,10.047,0.4006,True,1.332999999999964,0.9999999999998899,11.180442492174151,-1.580698559233784,10.935994093603076,-4.870477283929475,31.417827016417615,2.779363355635187,6.070221527667783,2.1310111138539485
right_knee,10,2,9.046,0.4006,True,1.331999999999964,0.0,11.35954863850823,-0.004061335949800959,11.49792713343678,0.017640012059172427,28.624890374834028,-0.013573285948400127,3.9208114067932174,-0.018399007020617475
right_knee,10,3,8.343,0.4006,True,1.331999999999964,0.0,11.359596158764715,-0.0036430242013385516,11.511417648012785,0.13499068012146065,28.588878304950125,-0.049585355832302724,3.878077293941517,-0.06113311987231773
right_knee,10,4,11.772,0.4006,True,1.331999999999964,0.0,11.359771283309138,-0.0021014362597715497,11.582803064307281,0.7559548579419095,28.4260862737466,-0.2123773870358292,3.697123625367637,-0.2420867884461977
right_knee,20,0,10.548,0.8011,True,1.331999999999964,0.0,11.359643695730776,-0.0032245653616591596,11.499238451762873,0.02904684763556098,28.628627822379826,-0.009835838402601382,3.9282772699429716,-0.010933143870863304
right_knee,20,1,10.047,0.8011,True,1.332999999999964,0.9999999999998899,11.179834467986499,-1.58605088011462,10.946572382724097,-4.778459348785924,31.398581933624907,2.7601182728424796,6.04459224075436,2.1053818269405253
right_knee,20,2,9.046,0.8011,True,1.331999999999964,0.0,11.359451303722322,-0.0049181554935384675,11.515109389921946,0.1671042349390195,28.58063988438197,-0.05782377640045766,3.8695180176510386,-0.06969239616279621
right_knee,20,3,8.343,0.8011,True,1.331999999999964,0.0,11.359345821157946,-0.005846698376110737,11.508508515700335,0.10968485368880732,28.595802557248568,-0.042661103533859546,3.8868387885948548,-0.05237162521898009
right_knee,20,4,11.772,0.8011,True,1.331999999999964,0.0,11.35983575726874,-0.001533884298421384,11.616233189093279,1.0467552907156286,28.334479223844212,-0.3039844369382152,3.5902575044178078,-0.3489529093960271
