joint,level_pct,amplitude_nm,impact_rate_pct,mean_abs_delta_impact_time_ms,mean_abs_delta_club_speed_pct,mean_abs_delta_ball_speed_pct,mean_abs_delta_elevation_deg,mean_abs_delta_direction_deg
hip_rotation,5,2.8012,100.0,0.5999999999999339,0.9808770026490699,2.887691395444798,1.720525286087743,1.3517671803777975
hip_rotation,10,5.6023,100.0,0.39999999999995595,0.6803650486228241,2.502150889588375,1.3076002575955017,1.1007517825729363
hip_rotation,20,11.2047,100.0,0.39999999999995595,0.7474936524782549,2.9047327012151287,1.4822789650404906,1.3001982405887482
hip_flexion,5,5.911,100.0,0.19999999999997797,0.3214401379038412,1.740451538699812,0.7964467958842775,0.7006646159755254
hip_flexion,10,11.8221,100.0,0.0,0.020252869252364025,2.2851961582680502,0.6954655191844026,0.7776382163211207
hip_flexion,20,23.6442,100.0,0.0,0.02726923969046613,7.325796357297669,2.62549787339166,2.7961875348297798
torso_rotation,5,2.3237,100.0,0.7999999999999119,1.072406501445915,3.296504613337383,2.15308108382144,1.7423498633540189
torso_rotation,10,4.6474,100.0,0.7999999999999119,0.9421007048277973,4.586690062801065,2.4852819533594657,2.1046976762889713
torso_rotation,20,9.2948,100.0,0.7999999999999119,0.7054059175831151,5.730524534368213,2.517911479213114,2.5108122438882825
right_shoulder_lift,5,4.002,100.0,0.19999999999997797,0.5633739158979911,2.9237549355198977,1.002838826536801,0.9282572880402906
right_shoulder_lift,10,8.004,100.0,0.0,0.7630938606731075,6.758547341378964,2.3166560242376186,2.488225198894366
right_shoulder_lift,20,16.0081,100.0,0.19999999999997797,1.7398111880978395,22.917826378653746,9.942171976262014,10.327402483852365
right_shoulder,5,3.5685,100.0,0.5999999999999339,1.083387968019398,7.023403483786543,2.5017654138057495,2.8347102172665766
right_shoulder,10,7.137,100.0,0.5999999999999339,1.2111851985435607,16.429692926590114,7.813122339653444,7.843484168430814
right_shoulder,20,14.274,100.0,0.5999999999999339,1.1147398115254936,16.935150906210204,14.738895709254383,37.36863801862593
right_elbow,5,3.0168,100.0,0.39999999999995595,0.6581465978256484,5.415051471489533,2.181528267415647,1.9690621939446658
right_elbow,10,6.0336,100.0,0.39999999999995595,0.739258197560948,11.636783969899005,4.745526336830551,4.912629364254984
right_elbow,20,12.0671,100.0,0.19999999999997797,0.9251429808451483,29.30667080456336,14.90762932003434,14.716484526771046
right_wrist_hinge,5,3.4449,100.0,0.39999999999995595,2.365874899411589,6.86372638252507,2.983615756134077,3.393328588679207
right_wrist_hinge,10,6.8897,100.0,0.5999999999999339,2.547082853514091,13.067612362559561,5.280286169762357,6.1933582331903025
right_wrist_hinge,20,13.7795,100.0,0.5999999999999339,2.1536211598736577,23.696683002161006,10.596865978503049,11.289614160865673
left_shoulder_lift,5,3.183,100.0,0.0,0.11835199127757878,7.573985190543975,3.0217850143975573,3.1838523739414355
left_shoulder_lift,10,6.3659,100.0,0.0,0.21164709572117912,19.414357500257797,9.847156185659937,10.040782458162656
left_shoulder_lift,20,12.7318,100.0,0.5999999999999339,1.5005719195209521,31.767677669604808,20.80632846873865,61.04787507892176
left_shoulder,5,1.4207,100.0,0.39999999999995595,0.6787116671576343,1.4227276002277756,1.1084046343871727,0.8308818973190986
left_shoulder,10,2.8414,100.0,0.39999999999995595,0.7497855674109877,5.258562710466765,1.495227172623575,2.1183833514275627
left_shoulder,20,5.6827,100.0,0.39999999999995595,0.8986593996767045,14.346317948113981,5.332185804548936,6.438687089213363
left_elbow,5,0.3606,100.0,0.19999999999997797,0.32120232030889984,1.0883071901584573,0.5994011838137702,0.4783257282960772
left_elbow,10,0.7213,100.0,0.0,0.012479231803217417,0.9332538391534406,0.23831200270617786,0.26934131077535506
left_elbow,20,1.4426,100.0,0.19999999999997797,0.3378411896627709,2.0486195471728252,0.7990306083400668,0.7089499137166293
left_knee,5,0.1668,100.0,0.0,0.00024223834826253565,0.43183702750545727,0.12691918408266858,0.14798909866849536
left_knee,10,0.3335,100.0,0.0,0.000767585345213817,0.3929707037124386,0.1165388229506,0.13663790160433997
left_knee,20,0.667,100.0,0.0,0.0024223564630387884,0.283166923039766,0.08698027649439269,0.10435852871534798
right_knee,5,0.2003,100.0,0.39999999999995595,0.6341363012642609,2.189844041348079,1.1885155062309791,0.941103902601234
right_knee,10,0.4006,100.0,0.19999999999997797,0.3182900074201256,1.187212612594275,0.6205863364953302,0.5017908224889922
right_knee,20,0.8011,100.0,0.19999999999997797,0.32031483672886996,1.226210115152988,0.6348846856235226,0.5174663803178384
