t_s,club_speed_m_s
0.001,0.018378650731799697
0.002,0.03305677521253441
0.003,0.046700403570063255
0.004,0.05896994427900963
0.005,0.06985316069627136
0.006,0.07950615980613848
0.007,0.08806239664945774
0.008,0.0956189522178518
0.009000000000000001,0.10224119590765522
0.010000000000000002,0.10800770299776731
0.011000000000000003,0.1131970137613431
0.012000000000000004,0.11779312192586293
0.013000000000000005,0.1218364649928175
0.014000000000000005,0.12536637160751155
0.015000000000000006,0.1284189449299685
0.016000000000000007,0.13102820448963257
0.017000000000000008,0.1332256346114571
0.01800000000000001,0.1350414408535725
0.01900000000000001,0.1365035702217118
0.02000000000000001,0.13763843725040922
0.02100000000000001,0.1384708586155406
0.022000000000000013,0.1390241663489695
0.023000000000000013,0.13932031529213548
0.024000000000000014,0.1393801620288166
0.025000000000000015,0.139223127078136
0.026000000000000016,0.13886768395568916
0.027000000000000017,0.138331001321513
0.028000000000000018,0.12707972634429837
0.02900000000000002,0.12034150567481364
0.03000000000000002,0.11586897319500077
0.03100000000000002,0.11477293638682734
0.03200000000000002,0.11355555749835756
0.03300000000000002,0.11232466517730469
0.03400000000000002,0.11200110591328206
0.035000000000000024,0.11207340912886563
0.036000000000000025,0.11242612804864122
0.037000000000000026,0.11296106632878465
0.03800000000000003,0.11359753129911224
0.03900000000000003,0.11427141094935278
0.04000000000000003,0.1149323017247971
0.04100000000000003,0.11560849093583361
0.04200000000000003,0.11626116428491325
0.04300000000000003,0.1168674384815853
0.04400000000000003,0.11740844408340752
0.04500000000000003,0.11787015834614394
0.046000000000000034,0.11823558074701714
0.047000000000000035,0.11848277842516831
0.048000000000000036,0.10895040364072892
0.04900000000000004,0.10407248315471972
0.05000000000000004,0.1044276116504969
0.05100000000000004,0.10484014922471678
0.05200000000000004,0.10520995879175228
0.05300000000000004,0.10564699656321266
0.05400000000000004,0.10611826221153206
0.05500000000000004,0.10659444312963019
0.05600000000000004,0.10705285977024054
0.057000000000000044,0.10747636937698893
0.058000000000000045,0.10640681807544529
0.059000000000000045,0.10218758070943026
0.060000000000000046,0.09836145961143482
0.06100000000000005,0.09903713874856644
0.06200000000000005,0.09975438258961611
0.06300000000000004,0.10048135109471247
0.06400000000000004,0.10119235675671667
0.06500000000000004,0.10186687676976654
0.06600000000000004,0.09336140505008231
0.06700000000000005,0.09657477120773164
0.06800000000000005,0.09565399266867701
0.06900000000000005,0.0964976534775447
0.07000000000000005,0.09734372120930417
0.07100000000000005,0.09816025758064874
0.07200000000000005,0.09740605560252551
0.07300000000000005,0.09284677367255711
0.07400000000000005,0.09385360080038771
0.07500000000000005,0.09482059127158095
0.07600000000000005,0.08698945758464212
0.07700000000000005,0.08978397091080678
0.07800000000000006,0.09090362678130748
0.07900000000000006,0.09198967029519865
0.08000000000000006,0.09303216950828418
0.08100000000000006,0.09401725095311102
0.08200000000000006,0.09494410659727133
0.08300000000000006,0.09418073532691917
0.08400000000000006,0.08984200635840701
0.08500000000000006,0.08885244606780125
0.08600000000000006,0.09006395236422443
0.08700000000000006,0.09131827188943087
0.08800000000000006,0.09258174699992973
0.08900000000000007,0.09230345920207558
0.09000000000000007,0.08778702389996372
0.09100000000000007,0.08946015226331018
0.09200000000000007,0.09114183246115391
0.09300000000000007,0.082330387108282
0.09400000000000007,0.08895005854114658
0.09500000000000007,0.09096087646415682
0.09600000000000007,0.09299665692182972
0.09700000000000007,0.09368958582875717
0.09800000000000007,0.09016657324121102
0.09900000000000007,0.09264695218826911
0.10000000000000007,0.09516492538661045
0.10100000000000008,0.09771016816793647
0.10200000000000008,0.08984458944615199
0.10300000000000008,0.09540702928033601
0.10400000000000008,0.09850463653233173
0.10500000000000008,0.10159590605706723
0.10600000000000008,0.0947946251810677
0.10700000000000008,0.10071014491026242
0.10800000000000008,0.10430316432106065
0.10900000000000008,0.10784112932424668
0.11000000000000008,0.10182102699676823
0.11100000000000008,0.10819217747009856
0.11200000000000009,0.11225872339306765
0.11300000000000009,0.11622846464136267
0.11400000000000009,0.11941906279431355
0.11500000000000009,0.11897698280016188
0.11600000000000009,0.12034979949032315
0.11700000000000009,0.12467600264382078
0.11800000000000009,0.12036964929228913
0.11900000000000009,0.1275878120799789
0.12000000000000009,0.1324376175431993
0.1210000000000001,0.13769498902791114
0.1220000000000001,0.13863901108468007
0.1230000000000001,0.13964756042536422
0.1240000000000001,0.14467854701670751
0.12500000000000008,0.14939860466631763
0.12600000000000008,0.15133489585633372
0.12700000000000009,0.15325732911426007
0.12800000000000009,0.1511608894552116
0.1290000000000001,0.1540886433800473
0.1300000000000001,0.16371598014890604
0.1310000000000001,0.16936245637029343
0.1320000000000001,0.16717399261024565
0.1330000000000001,0.1754699088997877
0.1340000000000001,0.180292302448662
0.1350000000000001,0.17974543624758155
0.1360000000000001,0.18877138377769018
0.1370000000000001,0.18700485576456333
0.1380000000000001,0.19619738450504756
0.1390000000000001,0.20239354528258868
0.1400000000000001,0.20652038449079965
0.1410000000000001,0.21085904723656002
0.1420000000000001,0.21584867650675682
0.1430000000000001,0.21604767678558875
0.1440000000000001,0.2203754781545782
0.1450000000000001,0.22526427356904263
0.1460000000000001,0.23472663851034564
0.1470000000000001,0.23564501769870075
0.1480000000000001,0.24031297000720436
0.1490000000000001,0.24580849226587081
0.1500000000000001,0.2550441503381509
0.1510000000000001,0.25720330280289405
0.1520000000000001,0.26232603875737304
0.1530000000000001,0.2676598487694869
0.1540000000000001,0.27328879084416857
0.1550000000000001,0.2797815346143147
0.1560000000000001,0.2855683192949483
0.1570000000000001,0.2913767736644537
0.1580000000000001,0.29735618469891306
0.1590000000000001,0.3034793973316859
0.16000000000000011,0.3097306308784186
0.16100000000000012,0.31610056668104114
0.16200000000000012,0.3225837047629702
0.16300000000000012,0.32917688916343785
0.16400000000000012,0.3358784505435081
0.16500000000000012,0.34268768398059346
0.16600000000000012,0.3496045146596437
0.16700000000000012,0.3566292728416328
0.16800000000000012,0.3637625350982024
0.16900000000000012,0.3710050076137152
0.17000000000000012,0.3783574375027832
0.17100000000000012,0.38582054369281027
0.17200000000000013,0.39339496209454083
0.17300000000000013,0.4010812016330989
0.17400000000000013,0.40887960882271307
0.17500000000000013,0.4167903392562099
0.17600000000000013,0.4248133348195361
0.17700000000000013,0.43294830573039655
0.17800000000000013,0.44119471669540306
0.17900000000000013,0.44955177661596285
0.18000000000000013,0.4580184313700954
0.18100000000000013,0.4665933592686134
0.18200000000000013,0.47527496883795456
0.18300000000000013,0.4840613986239799
0.18400000000000014,0.49295051874489676
0.18500000000000014,0.5019399339495967
0.18600000000000014,0.5110269879618312
0.18700000000000014,0.5202087689118193
0.18800000000000014,0.5294821156759766
0.18900000000000014,0.5388436249628155
0.19000000000000014,0.5482896589991686
0.19100000000000014,0.5578163536858123
0.19200000000000014,0.5674196271055426
0.19300000000000014,0.5770951882797456
0.19400000000000014,0.5868385460817169
0.19500000000000015,0.596645018226219
0.19600000000000015,0.6065097402652924
0.19700000000000015,0.6164276745299737
0.19800000000000015,0.6263936189664184
0.19900000000000015,0.6364022158230371
0.20000000000000015,0.6464479601525737
0.20100000000000015,0.6565252080996461
0.20200000000000015,0.6666281849502161
0.20300000000000015,0.6767509929247055
0.20400000000000015,0.6868876187011367
0.20500000000000015,0.6970319406587479
0.20600000000000016,0.707177735836117
0.20700000000000016,0.7173186866008571
0.20800000000000016,0.7274483870306109
0.20900000000000016,0.7375603490072684
0.21000000000000016,0.7476480080282218
0.21100000000000016,0.7577047287399642
0.21200000000000016,0.7677238102006586
0.21300000000000016,0.7776984908792118
0.21400000000000016,0.7876219533992477
0.21500000000000016,0.7974873290368696
0.21600000000000016,0.8072877019815782
0.21700000000000016,0.8170161133699121
0.21800000000000017,0.8266655651015662
0.21900000000000017,0.8362290234477495
0.22000000000000017,0.8456994224614812
0.22100000000000017,0.8550696671994251
0.22200000000000017,0.864332636764666
0.22300000000000017,0.8734811871795718
0.22400000000000017,0.882508154097662
0.22500000000000017,0.8914063553630609
0.22600000000000017,0.9001685934258229
0.22700000000000017,0.9087876576210672
0.22800000000000017,0.9172563263195225
0.22900000000000018,0.9255673689567337
0.23000000000000018,0.9337135479478302
0.23100000000000018,0.941687620494425
0.23200000000000018,0.9494823402898437
0.23300000000000018,0.9570904591285894
0.23400000000000018,0.9645047284255983
0.23500000000000018,0.9717179006505189
0.23600000000000018,0.9787227306819843
0.23700000000000018,0.9855119770865305
0.23800000000000018,0.9920784033265115
0.23900000000000018,0.9984147789011648
0.24000000000000019,1.004513880424652
0.2410000000000002,1.0103684926447205
0.2420000000000002,1.0159572372644357
0.2430000000000002,1.0212771975193708
0.2440000000000002,1.0263546432354753
0.2450000000000002,1.0312097415129582
0.2460000000000002,1.0358587484124278
0.2470000000000002,1.0403153053907648
0.2480000000000002,1.0445912323558362
0.2490000000000002,1.04869702884151
0.25000000000000017,1.0526422010693706
0.25100000000000017,1.0564354823256894
0.25200000000000017,1.060084986233631
0.25300000000000017,1.0635983166866516
0.25400000000000017,1.0669826490236527
0.25500000000000017,1.070244791584457
0.25600000000000017,1.0733912335014069
0.2570000000000002,1.0764281825680961
0.2580000000000002,1.0793615957677978
0.2590000000000002,1.082197204243289
0.2600000000000002,1.0849405339697171
0.2610000000000002,1.087596923046782
0.2620000000000002,1.0901715362917443
0.2630000000000002,1.0926693776510574
0.2640000000000002,1.0950953008313948
0.2650000000000002,1.0974540184652346
0.2660000000000002,1.099750110061958
0.2670000000000002,1.101988028946471
0.2680000000000002,1.1041721083492773
0.2690000000000002,1.1063065667819754
0.2700000000000002,1.108395512808218
0.2710000000000002,1.1104429493010277
0.2720000000000002,1.1124527772617316
0.2730000000000002,1.1144287992631694
0.2740000000000002,1.1163747225694416
0.2750000000000002,1.1182941619759623
0.2760000000000002,1.1201906424066208
0.2770000000000002,1.1220676012990518
0.2780000000000002,1.1239283908042963
0.2790000000000002,1.1257762798231608
0.2800000000000002,1.1276144558983467
0.2810000000000002,1.1294460269787225
0.2820000000000002,1.1312740230698135
0.2830000000000002,1.133101397782785
0.2840000000000002,1.1349310297925603
0.2850000000000002,1.1367657242144544
0.2860000000000002,1.138608213907591
0.2870000000000002,1.1404611607124384
0.2880000000000002,1.142327156629037
0.2890000000000002,1.144208724941813
0.2900000000000002,1.1461083212963055
0.2910000000000002,1.148028334732678
0.2920000000000002,1.1499710886804027
0.2930000000000002,1.1519388419182126
0.2940000000000002,1.153933789503042
0.2950000000000002,1.1559580636714044
0.2960000000000002,1.1580137347164232
0.2970000000000002,1.1601028118434507
0.2980000000000002,1.1622272440070676
0.2990000000000002,1.164388920732001
0.3000000000000002,1.1665896729203524
0.3010000000000002,1.168831273647356
0.3020000000000002,1.1711154389477227
0.3030000000000002,1.1734438285944848
0.3040000000000002,1.1758180468720947
0.3050000000000002,1.178239643345425
0.3060000000000002,1.1807101136261569
0.3070000000000002,1.1832309001379333
0.3080000000000002,1.1858033928815186
0.3090000000000002,1.1884289302011057
0.3100000000000002,1.1911087995527732
0.3110000000000002,1.193844238275996
0.3120000000000002,1.1966364343690112
0.3130000000000002,1.199486527268716
0.3140000000000002,1.2023956086356835
0.3150000000000002,1.2053647231447924
0.3160000000000002,1.2083948692818456
0.3170000000000002,1.2114870001464932
0.3180000000000002,1.2146420242616562
0.31900000000000023,1.2178608063895864
0.32000000000000023,1.221144168354601
0.32100000000000023,1.2244928898724665
0.32200000000000023,1.2279077093863153
0.32300000000000023,1.231389324908937
0.32400000000000023,1.234938394871193
0.32500000000000023,1.2385555389762593
0.32600000000000023,1.2422413390593439
0.32700000000000023,1.2459963399524685
0.32800000000000024,1.2498210503538614
0.32900000000000024,1.2537159437014629
0.33000000000000024,1.2576814590500034
0.33100000000000024,1.2617180019510865
0.33200000000000024,1.2658259453356704
0.33300000000000024,1.270005630398317
0.33400000000000024,1.2742573674825655
0.33500000000000024,1.278581436966755
0.33600000000000024,1.2829780901496048
0.33700000000000024,1.287447550134872
0.33800000000000024,1.2919900127143773
0.33900000000000025,1.2966056472486915
0.34000000000000025,1.3012945975447758
0.34100000000000025,1.3060569827298834
0.34200000000000025,1.310892898121008
0.34300000000000025,1.3158024160892088
0.34400000000000025,1.3207855869181182
0.34500000000000025,1.3258424396559778
0.34600000000000025,1.3309729829605565
0.34700000000000025,1.336177205936307
0.34800000000000025,1.341455078963158
0.34900000000000025,1.3468065545163665
0.35000000000000026,1.3522315679768344
0.35100000000000026,1.3577300384313664
0.35200000000000026,1.3633018694623458
0.35300000000000026,1.3689469499263411
0.35400000000000026,1.3746651547211628
0.35500000000000026,1.380456345540959
0.35600000000000026,1.3863203716189019
0.35700000000000026,1.3922570704571244
0.35800000000000026,1.3982662685435219
0.35900000000000026,1.4043477820550931
0.36000000000000026,1.4105014175475514
0.36100000000000027,1.4167269726308975
0.36200000000000027,1.4230242366307242
0.36300000000000027,1.429392991235055
0.36400000000000027,1.435833011126488
0.36500000000000027,1.4423440645995103
0.36600000000000027,1.4489259141628261
0.36700000000000027,1.455578317126595
0.36800000000000027,1.4623010261744658
0.36900000000000027,1.4690937899203598
0.3700000000000003,1.4759563534499303
0.3710000000000003,1.4828884588466908
0.3720000000000003,1.4898898457027878
0.3730000000000003,1.4969602516144265
0.3740000000000003,1.5040994126619875
0.3750000000000003,1.5113070638748702
0.3760000000000003,1.5185829396811172
0.3770000000000003,1.5259267743419023
0.3780000000000003,1.5333383023709706
0.3790000000000003,1.5408172589391054
0.3800000000000003,1.5483633802637742
0.3810000000000003,1.5559764039840458
0.3820000000000003,1.5636560695209116
0.3830000000000003,1.5714021184231726
0.3840000000000003,1.5792142946990153
0.3850000000000003,1.5870923451334547
0.3860000000000003,1.5950360195917948
0.3870000000000003,1.603045071309274
0.3880000000000003,1.6111192571670858
0.3890000000000003,1.6192583379549332
0.3900000000000003,1.6274620786203022
0.3910000000000003,1.635730248504663
0.3920000000000003,1.6440626215667495
0.3930000000000003,1.6524589765931408
0.3940000000000003,1.6609190973963122
0.3950000000000003,1.6694427730003651
0.3960000000000003,1.6780297978146284
0.3970000000000003,1.6866799717952983
0.3980000000000003,1.6953931005953682
0.3990000000000003,1.7041689957029713
0.4000000000000003,1.713007474568394
0.4010000000000003,1.7219083607199017
0.4020000000000003,1.7308714838686097
0.4030000000000003,1.7398966800025562
0.4040000000000003,1.7489837914701876
0.4050000000000003,1.7581326670534492
0.4060000000000003,1.7673431620306215
0.4070000000000003,1.776615138229161
0.4080000000000003,1.7859484640686603
0.4090000000000003,1.7953430145941423
0.4100000000000003,1.8047986714998623
0.4110000000000003,1.8143153231437965
0.4120000000000003,1.823892864552979
0.4130000000000003,1.8335311974198782
0.4140000000000003,1.843230230089977
0.4150000000000003,1.8529898775407228
0.4160000000000003,1.862810061352023
0.4170000000000003,1.8726907096684475
0.4180000000000003,1.882631757153304
0.4190000000000003,1.8926331449347613
0.4200000000000003,1.9026948205441543
0.4210000000000003,1.9128167378466732
0.4220000000000003,1.9229988569645553
0.4230000000000003,1.9332411441929795
0.4240000000000003,1.9435435719087792
0.4250000000000003,1.9539061184721682
0.4260000000000003,1.9643287681216146
0.4270000000000003,1.9748115108620365
0.4280000000000003,1.9853543423464393
0.4290000000000003,1.9959572637512146
0.4300000000000003,2.006620281645179
0.4310000000000003,2.0173434078525716
0.43200000000000033,2.028126659310139
0.43300000000000033,2.038970057918443
0.43400000000000033,2.049873630387597
0.43500000000000033,2.0608374080775516
0.43600000000000033,2.0718614268330637
0.43700000000000033,2.0829457268135854
0.43800000000000033,2.0940903523181333
0.43900000000000033,2.1052953516053727
0.44000000000000034,2.1165607767090227
0.44100000000000034,2.1278866832487857
0.44200000000000034,2.139273130236916
0.44300000000000034,2.1507201798806306
0.44400000000000034,2.1622278973804887
0.44500000000000034,2.1737963507249316
0.44600000000000034,2.185425610481123
0.44700000000000034,2.1971157495822666
0.44800000000000034,2.208866843111572
0.44900000000000034,2.2206789680830004
0.45000000000000034,2.2325522032190186
0.45100000000000035,2.244486628725461
0.45200000000000035,2.2564823260637175
0.45300000000000035,2.2685393777203977
0.45400000000000035,2.280657866974633
0.45500000000000035,2.292837877663206
0.45600000000000035,2.3050794939436683
0.45700000000000035,2.3173828000556167
0.45800000000000035,2.3297478800803044
0.45900000000000035,2.3421748176987585
0.46000000000000035,2.354663695948579
0.46100000000000035,2.367214596979596
0.46200000000000035,2.3798276018085316
0.46300000000000036,2.3925027900728875
0.46400000000000036,2.4052402397842054
0.46500000000000036,2.4180400270808518
0.46600000000000036,2.4309022259805406
0.46700000000000036,2.443826908132748
0.46800000000000036,2.456814142571194
0.46900000000000036,2.469863995466546
0.47000000000000036,2.482976529879548
0.47100000000000036,2.4961518055147223
0.47200000000000036,2.5093898784748085
0.47300000000000036,2.5226908010161297
0.47400000000000037,2.536054621305029
0.47500000000000037,2.549481383175554
0.47600000000000037,2.5629711258885584
0.47700000000000037,2.576523883892357
0.47800000000000037,2.590139686585137
0.47900000000000037,2.6038185580792184
0.48000000000000037,2.617560516967406
0.48100000000000037,2.6313655760914956
0.4820000000000004,2.645233742313156
0.4830000000000004,2.6591650162872913
0.4840000000000004,2.673159392238058
0.4850000000000004,2.6872168577376603
0.4860000000000004,2.7013373934880582
0.4870000000000004,2.7155209731057717
0.4880000000000004,2.729767562909846
0.4890000000000004,2.74407712171315
0.4900000000000004,2.7584496006171464
0.4910000000000004,2.772884942810218
0.4920000000000004,2.7873830833696966
0.4930000000000004,2.8019439490677045
0.4940000000000004,2.8165674581809186
0.4950000000000004,2.831253520304369
0.4960000000000004,2.846002036169368
0.4970000000000004,2.860812897465693
0.4980000000000004,2.8756859866680724
0.4990000000000004,2.890621176867118
0.5000000000000003,2.9056183316047726
0.5010000000000003,2.920677304714318
0.5020000000000003,2.93579794016511
0.5030000000000003,2.9509800719120016
0.5040000000000003,2.966223523749627
0.5050000000000003,2.981528109171541
0.5060000000000003,2.99689363123431
0.5070000000000003,3.0123198824265964
0.5080000000000003,3.0278066445432965
0.5090000000000003,3.043353688564761
0.5100000000000003,3.05896077454116
0.5110000000000003,3.074627651482025
0.5120000000000003,3.0903540572509858
0.5130000000000003,3.1061397184657453
0.5140000000000003,3.1219843504033107
0.5150000000000003,3.1378876569105016
0.5160000000000003,3.1538493303197543
0.5170000000000003,3.1698690513702013
0.5180000000000003,3.1859464891340785
0.5190000000000003,3.2020813009484312
0.5200000000000004,3.2182731323521185
0.5210000000000004,3.2345216170281073
0.5220000000000004,3.27696492380516
0.5230000000000004,3.3147636238782185
0.5240000000000004,3.3517345263121427
0.5250000000000004,3.3876899683804265
0.5260000000000004,3.4224853861689306
0.5270000000000004,3.4560294604714286
0.5280000000000004,3.4882683558396965
0.5290000000000004,3.519176886859732
0.5300000000000004,3.548752263027583
0.5310000000000004,3.577009004231493
0.5320000000000004,3.603975152873487
0.5330000000000004,3.6296887985532447
0.5340000000000004,3.6541954068294094
0.5350000000000004,3.677545757168396
0.5360000000000004,3.6997943038199392
0.5370000000000004,3.7209975611413513
0.5380000000000004,3.741213129109538
0.5390000000000004,3.7604987962571172
0.5400000000000004,3.7789119226859276
0.5410000000000004,3.7965088541340744
0.5420000000000004,3.813344376236366
0.5430000000000004,3.829471758622567
0.5440000000000004,3.84494208552829
0.5450000000000004,3.8598044963010008
0.5460000000000004,3.8741058554996313
0.5470000000000004,3.8878907068659334
0.5480000000000004,3.9012014140967373
0.5490000000000004,3.9140779777188692
0.5500000000000004,3.926558085633827
0.5510000000000004,3.93867734746381
0.5520000000000004,3.9504690897208867
0.5530000000000004,3.9619646565546867
0.5540000000000004,3.973193140640394
0.5550000000000004,3.98418198884689
0.5560000000000004,3.994956702341206
0.5570000000000004,4.005540752871809
0.5580000000000004,4.015956314048189
0.5590000000000004,4.026223717637885
0.5600000000000004,4.036361777795843
0.5610000000000004,4.046387969661216
0.5620000000000004,4.056318332645133
0.5630000000000004,4.066167683046473
0.5640000000000004,4.075949573512473
0.5650000000000004,4.085676446681889
0.5660000000000004,4.095359713825201
0.5670000000000004,4.105009732752853
0.5680000000000004,4.114635965656086
0.5690000000000004,4.124246933326541
0.5700000000000004,4.1338504407283825
0.5710000000000004,4.1434534238139165
0.5720000000000004,4.153062194251924
0.5730000000000004,4.162682374710281
0.5740000000000004,4.172318883197402
0.5750000000000004,4.181976210098641
0.5760000000000004,4.191658191532063
0.5770000000000004,4.201368199023228
0.5780000000000004,4.211109176965268
0.5790000000000004,4.220883642478214
0.5800000000000004,4.230693690202019
0.5810000000000004,4.240540964656395
0.5820000000000004,4.2504269376091095
0.5830000000000004,4.2603527067558185
0.5840000000000004,4.27031903178646
0.5850000000000004,4.280326467173043
0.5860000000000004,4.290375297305604
0.5870000000000004,4.300465591464173
0.5880000000000004,4.31059720087698
0.5890000000000004,4.320769810559696
0.5900000000000004,4.330982866794712
0.5910000000000004,4.341235840382564
0.5920000000000004,4.351527836502292
0.5930000000000004,4.361857926288867
0.5940000000000004,4.3722250694462765
0.5950000000000004,4.382628182361942
0.5960000000000004,4.393065959657486
0.5970000000000004,4.403537077508695
0.5980000000000004,4.414040145772563
0.5990000000000004,4.424573657160313
0.6000000000000004,4.435136095946222
0.6010000000000004,4.445725847987108
0.6020000000000004,4.4563412533073805
0.6030000000000004,4.466980655801825
0.6040000000000004,4.477642318697303
0.6050000000000004,4.488324481840535
0.6060000000000004,4.4990253867322245
0.6070000000000004,4.509743182930629
0.6080000000000004,4.520476080907869
0.6090000000000004,4.531222227370706
0.6100000000000004,4.5419797725902535
0.6110000000000004,4.552746824780828
0.6120000000000004,4.563521585390681
0.6130000000000004,4.574302111159451
0.6140000000000004,4.585086557823681
0.6150000000000004,4.595873053165889
0.6160000000000004,4.60665970354271
0.6170000000000004,4.617444636397887
0.6180000000000004,4.628226026595484
0.6190000000000004,4.6390020047196145
0.6200000000000004,4.649770716722137
0.6210000000000004,4.660530327115844
0.6220000000000004,4.671279017777941
0.6230000000000004,4.682014910212523
0.6240000000000004,4.6927362950058695
0.6250000000000004,4.703441264072784
0.6260000000000004,4.714128150451566
0.6270000000000004,4.724795139052128
0.6280000000000004,4.735440478663333
0.6290000000000004,4.7460624138285805
0.6300000000000004,4.756659273428554
0.6310000000000004,4.767229273817335
0.6320000000000005,4.777770752051249
0.6330000000000005,4.788282006355599
0.6340000000000005,4.798761434793327
0.6350000000000005,4.809207384291048
0.6360000000000005,4.819618116928539
0.6370000000000005,4.8299921529567404
0.6380000000000005,4.8403277596550325
0.6390000000000005,4.8506234531350785
0.6400000000000005,4.860877646076937
0.6410000000000005,4.8710887404336844
0.6420000000000005,4.881255218091745
0.6430000000000005,4.891375538339646
0.6440000000000005,4.901448203101361
0.6450000000000005,4.911471724070245
0.6460000000000005,4.921444615774623
0.6470000000000005,4.931365471012674
0.6480000000000005,4.94123270988287
0.6490000000000005,4.951044991358936
0.6500000000000005,4.96080091694587
0.6510000000000005,4.97049895437731
0.6520000000000005,4.980137816947964
0.6530000000000005,4.989716098188606
0.6540000000000005,4.999232375124862
0.6550000000000005,5.008685390196919
0.6560000000000005,5.018073817505767
0.6570000000000005,5.0273961584372655
0.6580000000000005,5.0366512074820475
0.6590000000000005,5.045837735501535
0.6600000000000005,5.0549543831209816
0.6610000000000005,5.063999866109912
0.6620000000000005,5.072972917793199
0.6630000000000005,5.0818722750630565
0.6640000000000005,5.090696809881484
0.6650000000000005,5.099445060095113
0.6660000000000005,5.108116067797714
0.6670000000000005,5.116708497611413
0.6680000000000005,5.1252212420295855
0.6690000000000005,5.133652977288753
0.6700000000000005,5.142002641243349
0.6710000000000005,5.150269106451065
0.6720000000000005,5.158451159943702
0.6730000000000005,5.166547643877143
0.6740000000000005,5.174557492756468
0.6750000000000005,5.182479526510735
0.6760000000000005,5.190312725838948
0.6770000000000005,5.1980559718979205
0.6780000000000005,5.205708104218255
0.6790000000000005,5.213268093539001
0.6800000000000005,5.22073500510278
0.6810000000000005,5.228107588269241
0.6820000000000005,5.235384865174358
0.6830000000000005,5.242565883426429
0.6840000000000005,5.24964950390395
0.6850000000000005,5.256634850456482
0.6860000000000005,5.263520886899571
0.6870000000000005,5.270306521993144
0.6880000000000005,5.276990866353126
0.6890000000000005,5.2835729268886285
0.6900000000000005,5.290051843744968
0.6910000000000005,5.296426462158744
0.6920000000000005,5.30269595850879
0.6930000000000005,5.308859470892556
0.6940000000000005,5.314915874302975
0.6950000000000005,5.320864433837568
0.6960000000000005,5.326704296505957
0.6970000000000005,5.332434348068846
0.6980000000000005,5.338053791944702
0.6990000000000005,5.343561818482264
0.7000000000000005,5.348957533819652
0.7010000000000005,5.3542401039720895
0.7020000000000005,5.359408718665048
0.7030000000000005,5.364462398538183
0.7040000000000005,5.369400396486206
0.7050000000000005,5.3742219600477705
0.7060000000000005,5.378926221795107
0.7070000000000005,5.38351238296505
0.7080000000000005,5.3879796769214305
0.7090000000000005,5.392327299681163
0.7100000000000005,5.396554455230178
0.7110000000000005,5.400660479599581
0.7120000000000005,5.404644592642559
0.7130000000000005,5.408505961355478
0.7140000000000005,5.412243938656442
0.7150000000000005,5.415857819274964
0.7160000000000005,5.419346878150029
0.7170000000000005,5.422710373527833
0.7180000000000005,5.4259476429465545
0.7190000000000005,5.429058010250714
0.7200000000000005,5.43204080401455
0.7210000000000005,5.434895340229952
0.7220000000000005,5.437620984418321
0.7230000000000005,5.440216981116968
0.7240000000000005,5.4426830538764115
0.7250000000000005,5.445018154115938
0.7260000000000005,5.447221823299017
0.7270000000000005,5.449293475323723
0.7280000000000005,5.45123248945814
0.7290000000000005,5.4530383438591645
0.7300000000000005,5.454710375271842
0.7310000000000005,5.456248118896706
0.7320000000000005,5.457650901177397
0.7330000000000005,5.458918211958059
0.7340000000000005,5.460049641354299
0.7350000000000005,5.461044459749768
0.7360000000000005,5.461902333692772
0.7370000000000005,5.462622563800694
0.7380000000000005,5.463204834499043
0.7390000000000005,5.463648485600872
0.7400000000000005,5.463953339441011
0.7410000000000005,5.464118410535047
0.7420000000000005,5.4641435661211455
0.7430000000000005,5.464028332947141
0.7440000000000005,5.463772433452635
0.7450000000000006,5.46337523366757
0.7460000000000006,5.462836340570923
0.7470000000000006,5.462155310042084
0.7480000000000006,5.4613316888464665
0.7490000000000006,5.460365415663161
0.7500000000000006,5.459255540882775
0.7510000000000006,5.458001410799888
0.7520000000000006,5.456604951719526
0.7530000000000006,5.455075661034689
0.7540000000000006,5.453412353669572
0.7550000000000006,5.4516145833236065
0.7560000000000006,5.449681490774925
0.7570000000000006,5.447612182280282
0.7580000000000006,5.445405424481135
0.7590000000000006,5.443060752691985
0.7600000000000006,5.440577176393179
0.7610000000000006,5.437953810227406
0.7620000000000006,5.43519005776261
0.7630000000000006,5.432285048697064
0.7640000000000006,5.429238131150988
0.7650000000000006,5.426048876947674
0.7660000000000006,5.4227166727066525
0.7670000000000006,5.41924071426171
0.7680000000000006,5.415620477315754
0.7690000000000006,5.411855811914773
0.7700000000000006,5.407946292615987
0.7710000000000006,5.403890873980421
0.7720000000000006,5.399689475085564
0.7730000000000006,5.395341642295334
0.7740000000000006,5.3908473195707245
0.7750000000000006,5.386205750468067
0.7760000000000006,5.381416991412241
0.7770000000000006,5.376480753191276
0.7780000000000006,5.371396767020457
0.7790000000000006,5.366164641989616
0.7800000000000006,5.360784091452046
0.7810000000000006,5.3552547127835135
0.7820000000000006,5.3495765855466475
0.7830000000000006,5.343749277524924
0.7840000000000006,5.337772449555593
0.7850000000000006,5.331646664949614
0.7860000000000006,5.325371405097757
0.7870000000000006,5.318946472662969
0.7880000000000006,5.312371655504716
0.7890000000000006,5.305646986186876
0.7900000000000006,5.298772190632993
0.7910000000000006,5.291747243828037
0.7920000000000006,5.284572043164989
0.7930000000000006,5.277246606092685
0.7940000000000006,5.269770761627515
0.7950000000000006,5.262144682164532
0.7960000000000006,5.254368413872025
0.7970000000000006,5.246441679994515
0.7980000000000006,5.238364364423101
0.7990000000000006,5.2301365280094565
0.8000000000000006,5.221758157378458
0.8010000000000006,5.213229496855624
0.8020000000000006,5.204550080534064
0.8030000000000006,5.195720405829647
0.8040000000000006,5.186740636747246
0.8050000000000006,5.177609773437474
0.8060000000000006,5.168329223287454
0.8070000000000006,5.158898049880283
0.8080000000000006,5.149316704158723
0.8090000000000006,5.139585181613662
0.8100000000000006,5.1297037939545085
0.8110000000000006,5.1196723573465635
0.8120000000000006,5.109491082365474
0.8130000000000006,5.099159883320712
0.8140000000000006,5.088679230949609
0.8150000000000006,5.078048783922917
0.8160000000000006,5.067269074863646
0.8170000000000006,5.056038069747373
0.8180000000000006,5.044371079852535
0.8190000000000006,5.032496272373956
0.8200000000000006,5.020477390866874
0.8210000000000006,5.008338173490416
0.8220000000000006,4.996086338557142
0.8230000000000006,4.983723755213465
0.8240000000000006,4.971248817750651
0.8250000000000006,4.958659486138293
0.8260000000000006,4.945952851774009
0.8270000000000006,4.933126791889851
0.8280000000000006,4.920178953694557
0.8290000000000006,4.907106774433866
0.8300000000000006,4.893909422961159
0.8310000000000006,4.88058455828912
0.8320000000000006,4.867130621615076
0.8330000000000006,4.853546224968829
0.8340000000000006,4.839830447104459
0.8350000000000006,4.825981768341792
0.8360000000000006,4.811999722756866
0.8370000000000006,4.797883241970244
0.8380000000000006,4.783631736932331
0.8390000000000006,4.769244234176628
0.8400000000000006,4.754720604709111
0.8410000000000006,4.740060254532847
0.8420000000000006,4.725262638465209
0.8430000000000006,4.710327695502754
0.8440000000000006,4.695254984233895
0.8450000000000006,4.680044214232275
0.8460000000000006,4.664695611324368
0.8470000000000006,4.6492086498834295
0.8480000000000006,4.633583035417764
0.8490000000000006,4.617819466664062
0.8500000000000006,4.601917327188978
0.8510000000000006,4.585877067180951
0.8520000000000006,4.5696986946625175
0.8530000000000006,4.553382251119338
0.8540000000000006,4.536927699797508
0.8550000000000006,4.520337291320193
0.8560000000000006,4.503612354459615
0.8570000000000007,4.48675463108731
0.8580000000000007,4.469765500537639
0.8590000000000007,4.45264526584719
0.8600000000000007,4.43539391653919
0.8610000000000007,4.418008123383854
0.8620000000000007,4.400482024058534
0.8630000000000007,4.382801552815644
0.8640000000000007,4.364959558586624
0.8650000000000007,4.346951510586016
0.8660000000000007,4.328774763669562
0.8670000000000007,4.310427602485552
0.8680000000000007,4.291908754340992
0.8690000000000007,4.273217225087515
0.8700000000000007,4.25435252743849
0.8710000000000007,4.235314286343351
0.8720000000000007,4.21610207629737
0.8730000000000007,4.196715505433054
0.8740000000000007,4.1771548252698265
0.8750000000000007,4.157419631167765
0.8760000000000007,4.137510320309105
0.8770000000000007,4.117426707582882
0.8780000000000007,4.097169324496546
0.8790000000000007,4.076738295550077
0.8800000000000007,4.056134160538917
0.8810000000000007,4.035357164759063
0.8820000000000007,4.014407774027171
0.8830000000000007,3.993286754831875
0.8840000000000007,3.971994336107495
0.8850000000000007,3.9505313872522843
0.8860000000000007,3.9288985440803654
0.8870000000000007,3.9070966724956437
0.8880000000000007,3.885126252281409
0.8890000000000007,3.86298839829991
0.8900000000000007,3.84068354100507
0.8910000000000007,3.8182129228550177
0.8920000000000007,3.795577267491754
0.8930000000000007,3.772777536245147
0.8940000000000007,3.749814744781186
0.8950000000000007,3.72669006455562
0.8960000000000007,3.703404249605193
0.8970000000000007,3.679958692118486
0.8980000000000007,3.6563542170492687
0.8990000000000007,3.632592209816555
0.9000000000000007,3.6086736617604087
0.9010000000000007,3.584599979653905
0.9020000000000007,3.5603716623551698
0.9030000000000007,3.53598881275533
0.9040000000000007,3.511451905504755
0.9050000000000007,3.4867610759998016
0.9060000000000007,3.4619155883926873
0.9070000000000007,3.436919628225579
0.9080000000000007,3.4117747972896955
0.9090000000000007,3.38648889854154
0.9100000000000007,3.3610622325717197
0.9110000000000007,3.335495792334711
0.9120000000000007,3.3097913072730565
0.9130000000000007,3.283949973360214
0.9140000000000007,3.2579713091907463
0.9150000000000007,3.231856231777941
0.9160000000000007,3.2056044767544822
0.9170000000000007,3.1792163601481014
0.9180000000000007,3.1526922295648605
0.9190000000000007,3.1260323613211844
0.9200000000000007,3.0992374468748514
0.9210000000000007,3.072307652809931
0.9220000000000007,3.0452435090027103
0.9230000000000007,3.0180463383330633
0.9240000000000007,2.9907160787337608
0.9250000000000007,2.9632542079472146
0.9260000000000007,2.935661270596192
0.9270000000000007,2.9079386473339253
0.9280000000000007,2.8800873468787658
0.9290000000000007,2.8521085238372184
0.9300000000000007,2.824003404101701
0.9310000000000007,2.795773341772703
0.9320000000000007,2.767419841362628
0.9330000000000007,2.7389441711821236
0.9340000000000007,2.7103478898444693
0.9350000000000007,2.6816329722069447
0.9360000000000007,2.6528013781162514
0.9370000000000007,2.6238545628087313
0.9380000000000007,2.59479496354924
0.9390000000000007,2.5656241085741938
0.9400000000000007,2.536344454045035
0.9410000000000007,2.5069582498465266
0.9420000000000007,2.4774678440081095
0.9430000000000007,2.4478756855642785
0.9440000000000007,2.4181846274228627
0.9450000000000007,2.388397226315333
0.9460000000000007,2.3585167815961423
0.9470000000000007,2.3285460923746277
0.9480000000000007,2.298488498761412
0.9490000000000007,2.2683474068143408
0.9500000000000007,2.2381261404178616
0.9510000000000007,2.207828799901634
0.9520000000000007,2.1774594743174633
0.9530000000000007,2.1470220732595044
0.9540000000000007,2.116521498994929
0.9550000000000007,2.0859621994103708
0.9560000000000007,2.0553495132644652
0.9570000000000007,2.024688379946143
0.9580000000000007,1.9939846272423065
0.9590000000000007,1.963244190817529
0.9600000000000007,1.9324734676306004
0.9610000000000007,1.9016791613120672
0.9620000000000007,1.8708686870756501
0.9630000000000007,1.8400503763695941
0.9640000000000007,1.8092318595932673
0.9650000000000007,1.778421917248689
0.9660000000000007,1.7476293997347785
0.9670000000000007,1.7168645191522378
0.9680000000000007,1.686137391385907
0.9690000000000007,1.6554593802905722
0.9700000000000008,1.6248430180085163
0.9710000000000008,1.594301415926837
0.9720000000000008,1.5638483185393839
0.9730000000000008,1.5334988952621522
0.9740000000000008,1.503270113260194
0.9750000000000008,1.4731793512013818
0.9760000000000008,1.4432459510585098
0.9770000000000008,1.4134907801005407
0.9780000000000008,1.3839363978930719
0.9790000000000008,1.3546070281374865
0.9800000000000008,1.3255292776249619
0.9810000000000008,1.2967317957692475
0.9820000000000008,1.2682459566359396
0.9830000000000008,1.240105025009318
0.9840000000000008,1.2123456779051722
0.9850000000000008,1.1850080117430406
0.9860000000000008,1.1581347608198238
0.9870000000000008,1.1317721156055691
0.9880000000000008,1.1059703481355072
0.9890000000000008,1.0807837151641233
0.9900000000000008,1.0562704868744754
0.9910000000000008,1.0324932719223494
0.9920000000000008,1.0095187357151312
0.9930000000000008,0.9874184394304515
0.9940000000000008,0.9662674332114197
0.9950000000000008,0.9461453104034717
0.9960000000000008,0.9271351753540387
0.9970000000000008,0.9093225715603941
0.9980000000000008,0.8927961445639645
0.9990000000000008,0.8776454148293861
1.0000000000000007,0.8639596945341174
1.0010000000000006,0.8518266509441668
1.0020000000000004,0.8413351849167902
1.0030000000000003,0.8325758655386568
1.0040000000000002,0.8256314219600589
1.0050000000000001,0.820573720778685
1.006,0.8174623798600733
1.007,0.8163439285923567
1.0079999999999998,0.8172515793868167
1.0089999999999997,0.8202039551252382
1.0099999999999996,0.8252048560846424
1.0109999999999995,0.8322432368974962
1.0119999999999993,0.841293904992768
1.0129999999999992,0.8523191786992067
1.0139999999999991,0.8652696147535448
1.014999999999999,0.8800866674328864
1.015999999999999,0.8967037041540167
1.0169999999999988,0.9150488733092967
1.0179999999999987,0.9350456800464352
1.0189999999999986,0.95661611775318
1.0199999999999985,0.9796811469047636
1.0209999999999984,1.004162377158189
1.0219999999999982,1.0299830020687344
1.0229999999999981,1.0570685831617117
1.023999999999998,1.0853477447169213
1.024999999999998,1.1147524720615831
1.0259999999999978,1.1452185424201742
1.0269999999999977,1.1766852311241798
1.0279999999999976,1.2090958489869525
1.0289999999999975,1.242397293016215
1.0299999999999974,1.2765404294799696
1.0309999999999973,1.3114794064345827
1.0319999999999971,1.347171768560787
1.032999999999997,1.383578188209356
1.033999999999997,1.4206622431663658
1.0349999999999968,1.458390320493779
1.0359999999999967,1.4967312432611934
1.0369999999999966,1.5356563459963644
1.0379999999999965,1.5751389832008187
1.0389999999999964,1.6151546013250069
1.0399999999999963,1.6556804760621429
1.0409999999999962,1.6966955029059034
1.041999999999996,1.738180097637887
1.042999999999996,1.780116156200829
1.0439999999999958,1.8224868064233801
1.0449999999999957,1.8652763718322682
1.0459999999999956,1.908470095218727
1.0469999999999955,1.9520543140146884
1.0479999999999954,1.9960163127257862
1.0489999999999953,2.0403440495289793
1.0499999999999952,2.085026628495806
1.050999999999995,2.1300533550096064
1.051999999999995,2.175414367234138
1.0529999999999948,2.2211002997805807
1.0539999999999947,2.267102391021649
1.0549999999999946,2.3134121792433393
1.0559999999999945,2.360021888736317
1.0569999999999944,2.4069237585994516
1.0579999999999943,2.4541104208640223
1.0589999999999942,2.5015651650053163
1.059999999999994,2.549274075788046
1.060999999999994,2.5972314300460946
1.0619999999999938,2.645418280822158
1.0629999999999937,2.6938173818811815
1.0639999999999936,2.7424208583935825
1.0649999999999935,2.791222697616407
1.0659999999999934,2.840218112296601
1.0669999999999933,2.8894030502098245
1.0679999999999932,2.9387738964081977
1.068999999999993,2.988327371184769
1.069999999999993,3.0380603479350254
1.0709999999999928,3.0879698156464075
1.0719999999999927,3.138052839667082
1.0729999999999926,3.18830653724717
1.0739999999999925,3.238728062238682
1.0749999999999924,3.2893145858906556
1.0759999999999923,3.3400633076783848
1.0769999999999922,3.390971427735547
1.077999999999992,3.4420361583483574
1.078999999999992,3.493254714836835
1.0799999999999919,3.5446243144550693
1.0809999999999917,3.5961421735471073
1.0819999999999916,3.647805503456189
1.0829999999999915,3.6996115063149477
1.0839999999999914,3.7515573612196644
1.0849999999999913,3.8036403016826554
1.0859999999999912,3.855857374640701
1.086999999999991,3.9082059845673
1.087999999999991,3.960683227878629
1.0889999999999909,4.013286171553246
1.0899999999999908,4.066011891026841
1.0909999999999906,4.118857819468036
1.0919999999999905,4.171820989537002
1.0929999999999904,4.224898405386701
1.0939999999999903,4.278087195189383
1.0949999999999902,4.3313844411338085
1.09599999999999,4.384787212351705
1.09699999999999,4.438292554855081
1.0979999999999899,4.491897494225537
1.0989999999999898,4.545599036439391
1.0999999999999897,4.599394188515908
1.1009999999999895,4.653279995483859
1.1019999999999894,4.707253384532305
1.1029999999999893,4.761311312010841
1.1039999999999892,4.815450702972458
1.104999999999989,4.869668545151551
1.105999999999989,4.923961648620302
1.1069999999999889,4.978326895318207
1.1079999999999888,5.032761137931594
1.1089999999999887,5.087261209461019
1.1099999999999886,5.141823922721736
1.1109999999999884,5.196446069982156
1.1119999999999883,5.251124422681677
1.1129999999999882,5.305855731193302
1.113999999999988,5.3606367246124735
1.114999999999988,5.415464046393766
1.115999999999988,5.470334467913337
1.1169999999999878,5.525244634067492
1.1179999999999877,5.58019119650188
1.1189999999999876,5.6351707210041715
1.1199999999999875,5.690179896840655
1.1209999999999873,5.745215267320839
1.1219999999999872,5.800273345526751
1.1229999999999871,5.855350664481233
1.123999999999987,5.910443739752907
1.124999999999987,5.9655490560818905
1.1259999999999868,6.020663106129151
1.1269999999999867,6.075782314680519
1.1279999999999866,6.130903055057975
1.1289999999999865,6.186021786114927
1.1299999999999863,6.241134782401099
1.1309999999999862,6.29623828049583
1.1319999999999861,6.351328967154148
1.132999999999986,6.40640279398221
1.133999999999986,6.4614563322850405
1.1349999999999858,6.516485697796135
1.1359999999999857,6.571487114983868
1.1369999999999856,6.626456703792387
1.1379999999999855,6.681390721324785
1.1389999999999854,6.736285344390209
1.1399999999999852,6.79113671185283
1.1409999999999851,6.845940946540848
1.141999999999985,6.900694149342063
1.142999999999985,6.955392449179603
1.1439999999999848,7.0100318478721935
1.1449999999999847,7.064608387636135
1.1459999999999846,7.119118116709135
1.1469999999999845,7.17355704795928
1.1479999999999844,7.2279211714569325
1.1489999999999843,7.282206456376324
1.1499999999999841,7.336408852233276
1.150999999999984,7.3905242897578125
1.151999999999984,7.444548681566002
1.1529999999999838,7.498477922724907
1.1539999999999837,7.552307891255239
1.1549999999999836,7.606034501164319
1.1559999999999835,7.6596535243766075
1.1569999999999834,7.7131607802978035
1.1579999999999833,7.766552099784959
1.1589999999999832,7.819823227109496
1.159999999999983,7.872970078163197
1.160999999999983,7.925988378977149
1.1619999999999828,7.978873930190198
1.1629999999999827,8.031622263690778
1.1639999999999826,8.084229264498488
1.1649999999999825,8.136690664848231
1.1659999999999824,8.189002164245244
1.1669999999999823,8.241159551695128
1.1679999999999822,8.293158369758657
1.168999999999982,8.34499423566973
1.169999999999982,8.396682516125562
1.1709999999999818,8.448230911904657
1.1719999999999817,8.499633570256846
1.1729999999999816,8.550880770681403
1.1739999999999815,8.601962122620337
1.1749999999999814,8.652866962011322
1.1759999999999813,8.703585265373773
1.1769999999999812,8.754107897654205
1.177999999999981,8.804426436705496
1.178999999999981,8.854532814458802
1.1799999999999808,8.904419955037923
1.1809999999999807,8.954080932582027
1.1819999999999806,9.003509853942361
1.1829999999999805,9.052700391363137
1.1839999999999804,9.101647189326957
1.1849999999999803,9.150344997238179
1.1859999999999802,9.198788447360958
1.18699999999998,9.246972945850029
1.18799999999998,9.294893583224926
1.1889999999999799,9.342545580341238
1.1899999999999797,9.389924772338905
1.1909999999999796,9.437026497272885
1.1919999999999795,9.483846463937144
1.1929999999999794,9.53038012785935
1.1939999999999793,9.576623391581379
1.1949999999999792,9.622571944995201
1.195999999999979,9.668221358028347
1.196999999999979,9.713567410294528
1.1979999999999789,9.758606242595654
1.1989999999999787,9.803332863308603
1.1999999999999786,9.847743877415606
1.2009999999999785,9.891834292408124
1.2019999999999784,9.935600134827336
1.2029999999999783,9.97903719989336
1.2039999999999782,10.022141068667272
1.204999999999978,10.06490756705612
1.205999999999978,10.107332449366226
1.2069999999999779,10.149411252365272
1.2079999999999778,10.19113970097057
1.2089999999999776,10.232513475253223
1.2099999999999775,10.27352837990746
1.2109999999999774,10.31417995599671
1.2119999999999773,10.354464115953066
1.2129999999999772,10.39437615832727
1.213999999999977,10.433911938350217
1.214999999999977,10.473067497946765
1.2159999999999769,10.511837900119447
1.2169999999999768,10.550219494843228
1.2179999999999767,10.588221260637452
1.2189999999999765,10.62582210150153
1.2199999999999764,10.663072295948842
1.2209999999999763,10.699971406114905
1.2219999999999762,10.736505217104256
1.222999999999976,10.772658578638012
1.223999999999976,10.808416898700479
1.2249999999999759,10.843767287258796
1.2259999999999758,10.878698108843617
1.2269999999999757,10.913199195653826
1.2279999999999756,10.9472615995442
1.2289999999999754,10.980121300089992
1.2299999999999753,11.012605094769162
1.2309999999999752,11.044296570667697
1.2319999999999751,11.075277536225448
1.232999999999975,11.10569381639717
1.233999999999975,11.135713880488156
1.2349999999999748,11.165502589530238
1.2359999999999747,11.195110621149594
1.2369999999999746,11.224435141637947
1.2379999999999745,11.253293536562152
1.2389999999999743,11.281486039929472
1.2399999999999742,11.326304742371622
1.2409999999999741,11.380005595223203
1.241999999999974,11.427055101857658
1.242999999999974,11.469477361704229
1.2439999999999738,11.508149747462204
1.2449999999999737,11.533332305831962
1.2459999999999736,11.553690098011948
1.2469999999999735,11.564645073490857
1.2479999999999734,11.575428648365516
1.2489999999999732,11.586453972766714
1.2499999999999731,11.597819343686437
1.250999999999973,11.609517296437586
1.251999999999973,11.621499912601795
1.2529999999999728,11.63369654465562
1.2539999999999727,11.666562649133677
1.2549999999999726,11.688735977867921
1.2559999999999725,11.717836846671121
1.2569999999999724,11.744203538156446
1.2579999999999723,11.768229840156193
1.2589999999999721,11.790177403327299
1.259999999999972,11.796675449199643
1.260999999999972,11.799499859598294
1.2619999999999718,11.802734682673583
1.2629999999999717,11.806478914623296
1.2639999999999716,11.824113271049104
1.2649999999999715,11.844735732471024
1.2659999999999714,11.862523259708684
1.2669999999999713,11.878338215203192
1.2679999999999712,11.892530717036966
1.268999999999971,11.905289170114706
1.269999999999971,11.907127988566442
1.2709999999999708,11.910995757383047
1.2719999999999707,11.918405792076161
1.2729999999999706,11.92238594245442
1.2739999999999705,11.93290681980361
1.2749999999999704,11.941666304604908
1.2759999999999703,11.949136498111946
1.2769999999999702,11.955509680527031
1.27799999999997,11.960888094390397
1.27899999999997,11.965341376872452
1.2799999999999698,11.968924552192718
1.2809999999999697,11.971684109671491
1.2819999999999696,11.973660419188388
1.2829999999999695,11.974888870383733
1.2839999999999694,11.97540063204919
1.2849999999999693,11.975223291429586
1.2859999999999692,11.974381308516007
1.286999999999969,11.97289640776565
1.287999999999969,11.970787917619177
1.2889999999999688,11.968073065669067
1.2899999999999687,11.964767235787978
1.2909999999999686,11.960884192461435
1.2919999999999685,11.956436276766714
1.2929999999999684,11.951434577795737
1.2939999999999683,11.945889082785891
1.2949999999999682,11.93980880877114
1.295999999999968,11.93320191817936
1.296999999999968,11.926075820471416
1.2979999999999678,11.91843726163219
1.2989999999999677,11.910292403078781
1.2999999999999676,11.901646891339768
1.3009999999999675,11.8925059196769
1.3019999999999674,11.882874282663986
1.3029999999999673,11.872756424601828
1.3039999999999672,11.862156482531327
1.304999999999967,11.851078324506284
1.305999999999967,11.839525583699817
1.3069999999999669,11.82750168884383
1.3079999999999667,11.815009891435565
1.3089999999999666,11.802053290089363
1.3099999999999665,11.788634852363423
1.3109999999999664,11.774757434349059
1.3119999999999663,11.760423798273933
1.3129999999999662,11.745636628339348
1.313999999999966,11.730398544984027
1.314999999999966,11.714712117743705
1.3159999999999659,11.698579876854998
1.3169999999999658,11.682004323734228
1.3179999999999656,11.66498794044646
1.3189999999999655,11.647533198266576
1.3199999999999654,11.629642565422046
1.3209999999999653,11.611318514097494
1.3219999999999652,11.592564005691397
1.322999999999965,11.573382422854966
1.323999999999965,11.553777108925347
1.3249999999999649,11.533751447433586
1.3259999999999648,11.513308856730433
1.3269999999999647,11.4924527895748
1.3279999999999645,11.471186734491786
1.3289999999999644,11.44951421765746
1.3299999999999643,11.427438804830015
1.3309999999999642,11.404964103147995
1.331999999999964,11.382093762735709
1.332999999999964,10.735666550214958
1.3339999999999639,10.158552418175221
1.3349999999999638,9.512640923286437
1.3359999999999637,8.92023373467737
1.3369999999999636,8.503243292109238
1.3379999999999634,8.20450924538931
1.3389999999999633,7.98650519848606
1.3399999999999632,7.812943255952466
1.340999999999963,7.67501160026238
1.341999999999963,7.566468201031708
1.342999999999963,7.481684648304735
1.3439999999999628,7.415693474938264
1.3449999999999627,7.364197366604971
1.3459999999999626,7.323547084801079
1.3469999999999624,7.290697087475833
1.3479999999999623,7.26314762212011
1.3489999999999622,7.238880611531963
1.3499999999999621,7.216294777324904
1.350999999999962,7.194143648978713
1.351999999999962,7.171478622331902
1.3529999999999618,7.1475981239713
1.3539999999999617,7.122003177320429
1.3549999999999616,7.094359185039295
1.3559999999999615,7.06446346740383
1.3569999999999613,7.032217963491735
1.3579999999999612,6.99760646110455
1.3589999999999611,6.960675735996266
1.359999999999961,6.921520026198278
1.360999999999961,6.880268326753789
1.3619999999999608,6.837070660428489
1.3629999999999607,6.724821708342401
1.3639999999999606,6.633875097562282
1.3649999999999605,6.546878676777017
1.3659999999999604,6.470886005954133
1.3669999999999602,6.404113994520611
1.3679999999999601,6.345145569436874
1.36899999999996,6.292846644184793
1.36999999999996,6.246304612287809
1.3709999999999598,6.20478143442976
1.3719999999999597,6.167677231900587
1.3729999999999596,6.134501747044493
1.3739999999999595,6.104851837196597
1.3749999999999594,6.078393661963736
1.3759999999999593,6.054848552494088
1.3769999999999591,6.033981784822603
1.377999999999959,6.015593652149128
1.378999999999959,5.999512362007016
1.3799999999999588,5.985588385211391
1.3809999999999587,5.9736899618462465
1.3819999999999586,5.963699530733367
1.3829999999999585,5.955510896783248
1.3839999999999584,5.949026988346595
1.3849999999999583,5.94415808644618
1.3859999999999582,5.940820431328023
1.386999999999958,5.938935130480732
1.387999999999958,5.938427307179687
1.3889999999999578,5.939225440528865
1.3899999999999577,5.823461865388886
1.3909999999999576,5.770474952849665
1.3919999999999575,5.674421701327922
1.3929999999999574,5.59018129772996
1.3939999999999573,5.51558502111786
1.3949999999999572,5.448751163028743
1.395999999999957,5.388070046268347
1.396999999999957,5.332175592331099
1.3979999999999568,5.279920113331355
1.3989999999999567,5.230350293849496
1.3999999999999566,5.182684081825522
1.4009999999999565,5.136288738404246
1.4019999999999564,5.090628789218
1.4029999999999563,5.029007042319973
1.4039999999999562,4.979062194130769
1.404999999999956,4.939269437475048
1.405999999999956,4.908512412368018
1.4069999999999558,4.88515001374881
1.4079999999999557,4.867908620861128
1.4089999999999556,4.855793620266044
1.4099999999999555,4.8480234103799225
1.4109999999999554,4.7741997434700725
1.4119999999999553,4.7144239317332195
1.4129999999999552,4.650298048586252
1.413999999999955,4.5907510376199605
1.414999999999955,4.534840119525243
1.4159999999999549,4.4817527758730344
1.4169999999999547,4.430791230537427
1.4179999999999546,4.392890246554899
1.4189999999999545,4.360674991264472
1.4199999999999544,4.3406147661902486
1.4209999999999543,4.327814243768974
1.4219999999999542,4.262564566328373
1.422999999999954,4.207811943521455
1.423999999999954,4.148757582665604
1.4249999999999539,4.092812530355565
1.4259999999999537,4.039310721749248
1.4269999999999536,4.009560777994402
1.4279999999999535,3.9838673683351042
1.4289999999999534,3.9715691194340574
1.4299999999999533,3.8996563979667234
1.4309999999999532,3.8404084118664725
1.431999999999953,3.7840855686182517
1.432999999999953,3.7300779934993673
1.4339999999999529,3.7130148827604263
1.4349999999999528,3.699770497498134
1.4359999999999526,3.628664955136462
1.4369999999999525,3.570522482672901
1.4379999999999524,3.514935004669873
1.4389999999999523,3.4939626812521825
1.4399999999999522,3.4678542291102237
1.440999999999952,3.3995597250422027
1.441999999999952,3.342873803376573
1.4429999999999519,3.3299793529102395
1.4439999999999518,3.2494288883753444
1.4449999999999517,3.2617407755988403
1.4459999999999515,3.174391699793092
1.4469999999999514,3.118477225657794
1.4479999999999513,3.1027208630957666
1.4489999999999512,3.031965582321489
1.449999999999951,2.9956956091017477
1.450999999999951,2.940190611961046
1.4519999999999509,2.9257440380013504
1.4529999999999508,2.8552873045744063
1.4539999999999507,2.807437827457411
1.4549999999999506,2.7721247598298966
1.4559999999999504,2.717237308156082
1.4569999999999503,2.70490028826965
1.4579999999999502,2.6343792563651895
1.4589999999999501,2.6246154161054904
1.45999999999995,2.552756942094051
1.46099999999995,2.4979724246929087
1.4619999999999498,2.4448358533852588
1.4629999999999497,2.4461735632207002
1.4639999999999496,2.3791914974425925
1.4649999999999495,2.3244532184024718
1.4659999999999493,2.2712984827327674
1.4669999999999492,2.2638752724089604
1.4679999999999491,2.1934019235018147
1.468999999999949,2.140402224388552
1.469999999999949,2.095151105845647
1.4709999999999488,2.0646228847087063
1.4719999999999487,2.0116669199276704
1.4729999999999486,1.9600154890101769
1.4739999999999485,1.9562885953611333
1.4749999999999484,1.8857440536312073
1.4759999999999482,1.8415573198901305
1.4769999999999481,1.790032793354965
1.477999999999948,1.739541633955546
1.478999999999948,1.739865700920457
1.4799999999999478,1.6698354782017444
1.4809999999999477,1.6186118235285945
1.4819999999999476,1.5685259689904167
1.4829999999999475,1.5741322720869664
1.4839999999999474,1.5031985864215036
1.4849999999999473,1.45212955683393
1.4859999999999471,1.4022476924498324
1.486999999999947,1.3533275683133823
1.487999999999947,1.3052274113140179
1.4889999999999468,1.2578480884176382
1.4899999999999467,1.2682264125614109
1.4909999999999466,1.201874270817908
1.4919999999999465,1.1545204381826046
1.4929999999999464,1.108968357217906
1.4939999999999463,1.065060188726601
1.4949999999999461,1.0226045046967163
1.495999999999946,0.9815153163566414
1.496999999999946,0.94174470141733
1.4979999999999458,0.9102143165713705
1.4989999999999457,0.8994010662734753
1.4999999999999456,0.8594688865312399
1.5009999999999455,0.8206021217412491
1.5019999999999454,0.7825120995458849
1.5029999999999453,0.7451254963796012
1.5039999999999452,0.7083854973649099
1.504999999999945,0.6722484592052929
1.505999999999945,0.6366823539633281
1.5069999999999448,0.6016662016955232
1.5079999999999447,0.5671901810787038
1.5089999999999446,0.6123886992342014
1.5099999999999445,0.5457257347802088
1.5109999999999444,0.5093553945111433
1.5119999999999443,0.4741840744320438
1.5129999999999442,0.4401297350911329
1.513999999999944,0.4072011963880951
1.514999999999944,0.3760790241005825
1.5159999999999438,0.348601600100708
1.5169999999999437,0.3243060424388818
1.5179999999999436,0.3030293036100097
1.5189999999999435,0.2845316804312132
1.5199999999999434,0.2685832446177187
1.5209999999999433,0.25496134661037045
1.5219999999999432,0.24344924586133287
1.522999999999943,0.2338358400823661
1.523999999999943,0.22591638525505253
1.5249999999999428,0.21949397765494436
1.5259999999999427,0.21438146803598715
1.5269999999999426,0.21040343958185828
1.5279999999999425,0.20739791889583223
1.5289999999999424,0.20521758670261786
1.5299999999999423,0.21683104823512847
1.5309999999999422,0.27818925169046743
1.531999999999942,0.26952526533555166
1.532999999999942,0.2622957677710662
1.5339999999999419,0.25615619133845297
1.5349999999999417,0.25068060982784657
1.5359999999999416,0.2457817587078043
1.5369999999999415,0.24140016548801063
1.5379999999999414,0.2375199983230059
1.5389999999999413,0.23413125977309882
1.5399999999999412,0.23122646587835755
1.540999999999941,0.2287988618460197
1.541999999999941,0.2268414350972186
1.5429999999999409,0.22534635805646697
1.5439999999999408,0.22430467757136882
1.5449999999999406,0.22370615881358805
1.5459999999999405,0.22353923565671813
1.5469999999999404,0.22379104029567376
1.5479999999999403,0.35538364603961753
1.5489999999999402,0.30211071858464256
1.54999999999994,0.2929473006493658
1.55099999999994,0.28598337057659273
1.5519999999999399,0.2806285055585911
1.5529999999999398,0.27656230306127144
1.5539999999999397,0.2735942491832099
1.5549999999999395,0.27159633658656557
1.5559999999999394,0.2704709932943807
1.5569999999999393,0.27013612294316025
1.5579999999999392,0.2705183704163019
1.558999999999939,0.2715502714872351
1.559999999999939,0.2731691710099571
1.5609999999999389,0.2753168876404019
1.5619999999999388,0.2885645098508002
1.5629999999999387,0.3415842147789975
1.5639999999999386,0.3358275071492353
1.5649999999999384,0.33199545421747495
1.5659999999999383,0.32964832312110925
1.5669999999999382,0.3285171157462504
1.567999999999938,0.3284164148020197
1.568999999999938,0.3292040514394697
1.569999999999938,0.3307626522287322
1.5709999999999378,0.3329912435941989
1.5719999999999377,0.3358013593306788
1.5729999999999376,0.43792321416110375
1.5739999999999374,0.39724558865691706
1.5749999999999373,0.3916870852993291
1.5759999999999372,0.38862673019182753
1.5769999999999371,0.38729832407806125
1.577999999999937,0.3872751093598385
1.578999999999937,0.38829209878935983
1.5799999999999368,0.39016506627128855
1.5809999999999367,0.39275360477616644
1.5819999999999366,0.3959441025696289
1.5829999999999365,0.4857449814002958
1.5839999999999363,0.4501426899179898
1.5849999999999362,0.4457019490901775
1.5859999999999361,0.4437133522077512
1.586999999999936,0.44338973011396954
1.587999999999936,0.44429585100107355
1.5889999999999358,0.4461628503256931
1.5899999999999357,0.4488050380075861
1.5909999999999356,0.4520823349780775
1.5919999999999355,0.5325850442138197
1.5929999999999354,0.500733103035407
1.5939999999999352,0.496982429223831
1.5949999999999351,0.4956382237743615
1.595999999999935,0.49590397198899416
1.596999999999935,0.49734213535776867
1.5979999999999348,0.49968346471038494
1.5989999999999347,0.5027427253295449
1.5999999999999346,0.5063809987152275
1.6009999999999345,0.51587685947465
1.6019999999999344,0.546911563495743
1.6029999999999343,0.5451544618442583
1.6039999999999341,0.5451729046650688
1.604999999999934,0.5464535962116934
1.605999999999934,0.5486895694746464
1.6069999999999338,0.5516746866202609
1.6079999999999337,0.5552570664258357
1.6089999999999336,0.564123091961575
1.6099999999999335,0.5922760636271229
1.6109999999999334,0.5908442631008182
1.6119999999999333,0.5911521424080337
1.6129999999999332,0.5926831594471766
1.613999999999933,0.5951300513082816
1.614999999999933,0.5982873037356217
1.6159999999999328,0.6598382507381739
1.6169999999999327,0.6355357869384288
1.6179999999999326,0.6329585044379925
1.6189999999999325,0.632652271216989
1.6199999999999324,0.6338156797790173
1.6209999999999323,0.6360163165299382
1.6219999999999322,0.638990871810451
1.622999999999932,0.642559733264018
1.623999999999932,0.6503420033670658
1.6249999999999318,0.6735176485982514
1.6259999999999317,0.6727200108672621
1.6269999999999316,0.6735563539005281
1.6279999999999315,0.6755123736109452
1.6289999999999314,0.6782867708234367
1.6299999999999313,0.7338014653481449
1.6309999999999312,0.7014232972899735
1.631999999999931,0.7017236217432887
1.632999999999931,0.7033036672350649
1.6339999999999308,0.7057878011757872
1.6349999999999307,0.7129260597314031
1.6359999999999306,0.7354031244151977
1.6369999999999305,0.7337377479710899
1.6379999999999304,0.7338545152259675
1.6389999999999303,0.7352034095466307
1.6399999999999302,0.7374573767103393
1.64099999999993,0.7403966529587963
1.64199999999993,0.7438589805385515
1.6429999999999298,0.7865113093222134
1.6439999999999297,0.7637098327875546
1.6449999999999296,0.7730724178879056
1.6459999999999295,0.773635877418447
1.6469999999999294,0.7749790418761792
1.6479999999999293,0.7770471631146084
1.6489999999999292,0.7797272484218211
1.649999999999929,0.7828972889760896
1.650999999999929,0.7889668716518795
1.6519999999999289,0.805672236916448
1.6529999999999287,0.8051900981835775
1.6539999999999286,0.8061974562981685
1.6549999999999285,0.8081252643431025
1.6559999999999284,0.8138958519092524
1.6569999999999283,0.8318925861558609
1.6579999999999282,0.8301406230460371
1.658999999999928,0.8300226253206356
1.659999999999928,0.8309895730637752
1.6609999999999279,0.8327215978154415
1.6619999999999278,0.8350070523580996
1.6629999999999276,0.8719106419496079
1.6639999999999275,0.8501916060721462
1.6649999999999274,0.8578515156281016
1.6659999999999273,0.8575041811082574
1.6669999999999272,0.8578700653070791
1.667999999999927,0.8588883940366733
1.668999999999927,0.8604431141298763
1.6699999999999269,0.896948929897741
1.6709999999999268,0.8808622332310909
1.6719999999999267,0.8780793855930586
1.6729999999999265,0.8771869003793266
1.6739999999999264,0.8774031933055517
1.6749999999999263,0.8783270757318737
1.6759999999999262,0.8821804016135436
1.676999999999926,0.8956059892412547
1.677999999999926,0.8931614326048548
1.6789999999999259,0.8921429503292948
1.6799999999999258,0.8920239236213319
1.6809999999999257,0.9289647166011163
1.6819999999999256,0.9108961012138236
1.6829999999999254,0.9065784884591893
1.6839999999999253,0.9042488679804417
1.6849999999999252,0.903101022932786
1.6859999999999251,0.9027223138081518
1.686999999999925,0.9359853537501909
1.687999999999925,0.9128129183313205
1.6889999999999248,0.9105858617981174
1.6899999999999247,0.9498769509059996
1.6909999999999246,0.9289170108524056
1.6919999999999245,0.9229523362159371
1.6929999999999243,0.9191905537825592
1.6939999999999242,0.9167758022959741
1.6949999999999241,0.9152654317346786
1.695999999999924,0.914395464412953
1.696999999999924,0.9139874406379539
1.6979999999999238,0.915762069405166
1.6989999999999237,0.9187961544093851
1.6999999999999236,0.9241520787741963
1.7009999999999235,0.9219857189340956
1.7019999999999234,0.9202118787383348
1.7029999999999232,0.9542035803700869
1.7039999999999231,0.9285653123434587
1.704999999999923,0.9248236228596095
1.705999999999923,0.9222356670957514
1.7069999999999228,0.9565492324424637
1.7079999999999227,0.9368078810249153
1.7089999999999226,0.930494065997777
1.7099999999999225,0.9262373820406264
1.7109999999999224,0.9232205763423946
1.7119999999999223,0.9210286266579186
1.7129999999999221,0.9194178300296955
1.713999999999922,0.9202138012787285
1.714999999999922,0.9225123796564253
1.7159999999999218,0.9267295898766442
1.7169999999999217,0.9235863864194498
1.7179999999999216,0.9208804973054749
1.7189999999999215,0.9186731998841811
1.7199999999999214,0.9191959699260822
1.7209999999999213,0.9281300889994926
1.7219999999999211,0.9230483856792102
1.722999999999921,0.9193555150445171
1.723999999999921,0.9165518834970808
1.7249999999999208,0.9167408877713029
1.7259999999999207,0.9254740925670822
1.7269999999999206,0.9200781169952543
1.7279999999999205,0.9160994498539469
1.7289999999999204,0.913033306392088
1.7299999999999203,0.9399039422419911
1.7309999999999202,0.9227028213818543
1.73199999999992,0.9164290169894033
1.73299999999992,0.911970326257753
1.7339999999999198,0.9086115988266736
1.7349999999999197,0.9050942277825198
1.7359999999999196,0.9116906488865683
1.7369999999999195,0.9073103223229861
1.7379999999999194,0.9066689722056025
1.7389999999999193,0.9152652397443
1.7399999999999192,0.9089113151886336
1.740999999999919,0.9040856549696945
1.741999999999919,0.9002698893733331
1.7429999999999188,0.897172825303061
1.7439999999999187,0.9175667552149056
1.7449999999999186,0.8937112702715951
1.7459999999999185,0.900443322707408
1.7469999999999184,0.8958451150438953
1.7479999999999183,0.8920122330410609
1.7489999999999182,0.8888103822587811
1.749999999999918,0.8879209368987993
1.750999999999918,0.8883735535525055
1.7519999999999178,0.8902298203108908
1.7529999999999177,0.8861313889006001
1.7539999999999176,0.882504167265536
1.7549999999999175,0.879383234365902
1.7559999999999174,0.8783129465561867
1.7569999999999173,0.87817837209033
1.7579999999999172,0.8797254578005558
1.758999999999917,0.8757856505303265
1.759999999999917,0.8722863432168874
1.7609999999999169,0.8915681171777424
1.7619999999999167,0.877276689328605
1.7629999999999166,0.8712699734358365
1.7639999999999165,0.8668042176552873
1.7649999999999164,0.8632702275210711
1.7659999999999163,0.8618623456800449
1.7669999999999162,0.8613403815453989
1.767999999999916,0.8623484995403173
1.768999999999916,0.8584781660894559
1.7699999999999159,0.8550600313265234
1.7709999999999158,0.871218975589708
1.7719999999999156,0.8585723157912646
1.7729999999999155,0.8530427526727862
1.7739999999999154,0.8489251938545245
1.7749999999999153,0.8472218271597809
1.7759999999999152,0.8509192408031172
1.776999999999915,0.8458910301312164
1.777999999999915,0.8420010554467181
1.7789999999999149,0.8564576817334226
1.7799999999999148,0.8445864722025487
1.7809999999999147,0.8392733887981314
1.7819999999999145,0.8353325923870634
1.7829999999999144,0.8485738708705268
1.7839999999999143,0.8374015146019295
1.7849999999999142,0.8323350024147461
1.785999999999914,0.8285937706158566
1.786999999999914,0.8268662337365033
1.7879999999999139,0.8293745714370997
1.7889999999999138,0.8250933035039465
1.7899999999999137,0.837613110972729
1.7909999999999136,0.826752480420753
1.7919999999999134,0.8217943301155243
1.7929999999999133,0.8181576154582854
1.7939999999999132,0.828653388921272
1.794999999999913,0.8193002655828899
1.795999999999913,0.8149550034862266
1.796999999999913,0.825434080030927
1.7979999999999128,0.815854628554002
1.7989999999999127,0.8114113882846272
1.7999999999999126,0.8082104428387933
1.8009999999999124,0.8066359780515261
1.8019999999999123,0.8081454819074305
1.8029999999999122,0.817852142121562
1.8039999999999121,0.8086428199732049
1.804999999999912,0.8043658885538559
1.805999999999912,0.8013311850273055
1.8069999999999118,0.8086305120872715
1.8079999999999117,0.8017187178496095
1.8089999999999116,0.8087000835503959
1.8099999999999115,0.7994171541503743
1.8109999999999113,0.8073657366021152
1.8119999999999112,0.7995762065411244
1.8129999999999111,0.7959639488424772
1.813999999999911,0.7934910273191997
1.814999999999911,0.7922813233472518
1.8159999999999108,0.7926195708708589
1.8169999999999107,0.7938466680695752
1.8179999999999106,0.7912212442863396
1.8189999999999105,0.7899791133668785
1.8199999999999104,0.7903787163002679
1.8209999999999102,0.791528869218
1.8219999999999101,0.7890906150098824
1.82299999999991,0.7937025416482512
1.82399999999991,0.7887913519378011
1.8249999999999098,0.7895677383340715
1.8259999999999097,0.7935930500070798
1.8269999999999096,0.7862970457414209
1.8279999999999095,0.794082995386133
1.8289999999999094,0.7880407223195465
1.8299999999999093,0.7922716759496758
1.8309999999999091,0.7880666345284345
1.831999999999909,0.791520211526948
1.832999999999909,0.787371016148712
1.8339999999999088,0.7879523015507022
1.8349999999999087,0.7911211658438587
1.8359999999999086,0.7865276453412362
1.8369999999999085,0.7867697415002819
1.8379999999999084,0.7925354480390108
1.8389999999999083,0.7890245316133032
1.8399999999999082,0.7914837268194499
1.840999999999908,0.7920958044892995
1.841999999999908,0.7900819932402128
1.8429999999999078,0.7924067687956251
1.8439999999999077,0.7928898644381418
1.8449999999999076,0.7918155718912951
1.8459999999999075,0.7937420783131601
1.8469999999999074,0.7947941375324653
1.8479999999999073,0.7929091144720853
1.8489999999999072,0.7959324959669171
1.849999999999907,0.7957520581113188
1.850999999999907,0.7949357122050488
1.8519999999999068,0.7973598463936312
1.8529999999999067,0.7987636545049642
1.8539999999999066,0.7974835694163153
1.8549999999999065,0.7993809008256265
1.8559999999999064,0.8005762421889446
1.8569999999999063,0.8016319194968308
1.8579999999999062,0.8025888176629109
1.858999999999906,0.803479907228234
1.859999999999906,0.8043357598079565
1.8609999999999058,0.8051869569339238
1.8619999999999057,0.8060650727547051
1.8629999999999056,0.8070030110289123
1.8639999999999055,0.8080350537010778
1.8649999999999054,0.8091967812981834
1.8659999999999053,0.8105249345812193
1.8669999999999052,0.8120572457650491
1.867999999999905,0.8138322496218594
1.868999999999905,0.8158890774697936
1.8699999999999048,0.8182672346077714
1.8709999999999047,0.8210063614855618
1.8719999999999046,0.8241459795425767
1.8729999999999045,0.8277252236306921
1.8739999999999044,0.8317825639841702
1.8749999999999043,0.8363555216790393
1.8759999999999042,0.8414803823590311
1.876999999999904,0.8471919136446381
1.877999999999904,0.8535230920477708
1.8789999999999039,0.860504845358788
1.8799999999999037,0.868165816339027
1.8809999999999036,0.8765321531388166
1.8819999999999035,0.8856273311837163
1.8829999999999034,0.8954720103634911
1.8839999999999033,0.906083930268575
1.8849999999999032,0.9174778450100296
1.885999999999903,0.9296654979016844
1.886999999999903,0.9426556350497208
1.8879999999999029,0.9564540557535015
1.8889999999999028,0.9710636966301641
1.8899999999999026,0.9864847455781254
1.8909999999999025,1.0027147811184425
1.8919999999999024,1.0197489323074023
1.8929999999999023,1.0375800542921776
1.8939999999999022,1.0561989146634863
1.894999999999902,1.0755943860145019
1.895999999999902,1.0957536405069317
1.8969999999999019,1.1166623427341222
1.8979999999999018,1.1383048377189162
1.8989999999999017,1.1606643314559986
1.8999999999999015,1.183723061974881
1.9009999999999014,1.2074624594372059
1.9019999999999013,1.2318632942733352
1.9029999999999012,1.2569058127972614
1.903999999999901,1.2825698601099766
1.904999999999901,1.308834990408028
1.9059999999999009,1.3356805650582604
1.9069999999999008,1.3630858389860525
1.9079999999999007,1.3910300360587324
1.9089999999999006,1.4194924142351641
1.9099999999999004,1.4484523213038414
1.9109999999999003,1.477889242052084
1.9119999999999002,1.5077828377045939
1.9129999999999001,1.5381129784465355
1.9139999999999,1.5688597698092541
1.9149999999999,1.600003573650442
1.9159999999998998,1.6315250244080226
1.9169999999998997,1.663405041251529
1.9179999999998996,1.6956248366981161
1.9189999999998995,1.7281659222046675
1.9199999999998993,1.7610101111935275
1.9209999999998992,1.7941395199184187
1.9219999999998991,1.8275365665293932
1.922999999999899,1.8611839686517258
1.923999999999899,1.8950647397534353
1.9249999999998988,1.9291621845397324
1.9259999999998987,1.9634598935800174
1.9269999999998986,1.9979417373438222
1.9279999999998985,2.0325918597962866
1.9289999999998984,2.067394671680792
1.9299999999998982,2.1023348435964713
1.9309999999998981,2.1373972989607
1.931999999999898,2.1725672069314905
1.932999999999898,2.2078299753515163
1.9339999999998978,2.2431712437640847
1.9349999999998977,2.278576876541707
1.9359999999998976,2.3140329561593957
1.9369999999998975,2.349525776637885
1.9379999999998974,2.385041837175766
1.9389999999998973,2.4205678359845932
1.9399999999998971,2.456090664336596
1.940999999999897,2.491597400831155
1.941999999999897,2.5270753058832027
1.9429999999998968,2.562511816434286
1.9439999999998967,2.5978945408849725
1.9449999999998966,2.6332112542457633
1.9459999999998965,2.668449893502347
1.9469999999998964,2.7035985531899254
1.9479999999998963,2.738645481170762
1.9489999999998961,2.7735790746083095
1.949999999999896,2.8083878761310035
1.950999999999896,2.8430605701784373
1.9519999999998958,2.8775859795225256
1.9529999999998957,2.9119530619561154
1.9539999999998956,2.946150907141626
1.9549999999998955,2.980168733612185
1.9559999999998954,3.0139958859180456
1.9569999999998953,3.0476218319110475
1.9579999999998952,3.081036160160163
1.958999999999895,3.1142285774913905
1.959999999999895,3.1471889066453795
1.9609999999998948,3.179907084046556
1.9619999999998947,3.212373157677612
1.9629999999998946,3.244577285053591
1.9639999999998945,3.2765097312900084
1.9649999999998944,3.308160867259661
1.9659999999998943,3.3395211678330865
1.9669999999998942,3.3705812101978467
1.967999999999894,3.40133167225206
1.968999999999894,3.4317633310678155
1.9699999999998938,3.461867061420374
1.9709999999998937,3.491633834379203
1.9719999999998936,3.5210547159572063
1.9729999999998935,3.5501208658146086
1.9739999999998934,3.5788235360142164
1.9749999999998933,3.607154069824929
1.9759999999998932,3.6351039005705763
1.976999999999893,3.662664550521317
1.977999999999893,3.689827629824955
1.9789999999998928,3.7165848354757753
1.9799999999998927,3.74292795031858
1.9809999999998926,3.7688488420857276
1.9819999999998925,3.794339462465193
1.9829999999998924,3.8193918461977185
1.9839999999998923,3.843998110201271
1.9849999999998922,3.868150452721141
1.985999999999892,3.891841152504132
1.986999999999892,3.9150625679953626
1.9879999999998919,3.937807136556344
1.9889999999998917,3.9600673737030014
1.9899999999998916,3.981835872362599
1.9909999999998915,4.003105302148277
1.9919999999998914,4.023868408650352
1.9929999999998913,4.04411801274333
1.9939999999998912,4.063847009907829
1.994999999999891,4.083048369566532
1.995999999999891,4.101715134433503
1.9969999999998909,4.11984041987614
1.9979999999998908,4.137417413289139
1.9989999999998906,4.1544393734799385
1.9999999999998905,4.17089963006508
2.0009999999998906,4.186791582877051
